source_pdb	accession	title_verified	plan_expected	verdict
2BG9.pdb	PDB 2BG9	REFINED STRUCTURE OF THE NICOTINIC ACETYLCHOLINE RECEPTOR AT 4A RESOLUTION	AChR alpha1 extracellular	PASS
2IEP.pdb	PDB 2IEP	CRYSTAL STRUCTURE OF IMMUNOGLOBULIN-LIKE DOMAINS 1 AND 2 OF THE RECEPTOR TYROSINE KINASE MUSK	MuSK Ig1-Ig2	PASS
3V64.pdb	PDB 3V64	CRYSTAL STRUCTURE OF AGRIN AND LRP4	AGRIN LG3 + LRP4 co-crystal	PASS
3ML4.pdb	PDB 3ML4	CRYSTAL STRUCTURE OF A COMPLEX BETWEEN DOK7 PH-PTB AND THE MUSK JUXTAMEMBRANE REGION	DOK7 PH-PTB + MuSK juxtamembrane	PASS (co-crystal bonus)
AF_Q96FX8.pdb	AlphaFold Q96FX8	ALPHAFOLD MONOMER V2.0 PREDICTION FOR P53 APOPTOSIS EFFECTOR RELATED TO PMP-22	PERP full-length	PASS
AF_O00468.pdb	AlphaFold O00468	ALPHAFOLD MONOMER V2.0 PREDICTION FOR AGRIN	AGRIN full (ref only, LG3 sourced from 3V64)	PASS (reference)
AF_O15146.pdb	AlphaFold O15146	ALPHAFOLD MONOMER V2.0 PREDICTION FOR MUSCLE SKELETAL RECEPTOR TYROSINE-PROTEIN KINASE	MuSK full (ref only, Ig1-2 sourced from 2IEP)	PASS (reference)
AF_O75096.pdb	AlphaFold O75096	ALPHAFOLD MONOMER V2.0 PREDICTION FOR LRP4	LRP4 full (ref only, bprop sourced from 3V64)	PASS (reference)
AF_Q18PE1.pdb	AlphaFold Q18PE1	ALPHAFOLD MONOMER V2.0 PREDICTION FOR PROTEIN DOK-7	DOK7 full (ref only, PH-PTB sourced from 3ML4)	PASS (reference)
