#"Progress (%)","Step","Time (ps)","Potential Energy (kJ/mole)","Kinetic Energy (kJ/mole)","Total Energy (kJ/mole)","Temperature (K)","Box Volume (nm^3)","Density (g/mL)","Speed (ns/day)","Time Remaining"
1.0%,100000,200.00000000022686,-1648827.4986287951,254743.37674736994,-1394084.1218814251,300.4372019311885,1045.2132057683134,0.9752688559959105,0,--
1.5%,150000,300.00000000070435,-1648242.4095352506,254262.88001250842,-1393979.5295227421,299.8705175431503,1045.2132057683134,0.9752688559959105,211,2:14:43
2.0%,200000,400.00000000118183,-1644745.4850125415,254198.05293890092,-1390547.4320736406,299.79406230866016,1045.2132057683134,0.9752688559959105,212,2:13:05
2.5%,250000,500.0000000016593,-1645433.0049957521,254610.99344753008,-1390822.011548222,300.28107277605943,1045.2132057683134,0.9752688559959105,212,2:12:08
3.0%,300000,599.9999999996356,-1645975.5058323853,254727.13473113894,-1391248.3711012462,300.4180465522638,1045.2132057683134,0.9752688559959105,213,2:11:19
3.5%,350000,699.999999997271,-1648089.7084384393,253676.33625571826,-1394413.372182721,299.1787642683439,1045.2132057683134,0.9752688559959105,213,2:10:35
4.0%,400000,799.9999999949063,-1647236.3638864458,255729.60706290678,-1391506.756823539,301.60033433621055,1045.2132057683134,0.9752688559959105,213,2:09:53
4.5%,450000,899.9999999925416,-1648455.5158804124,253970.13264481042,-1394485.383235602,299.52525949896915,1045.2132057683134,0.9752688559959105,213,2:09:10
5.0%,500000,999.9999999901769,-1646761.7246867754,254188.90053942954,-1392572.8241473457,299.783268225127,1045.2132057683134,0.9752688559959105,213,2:08:28
5.5%,550000,1099.9999999878123,-1647895.2949373852,253479.16046106056,-1394416.1344763248,298.94622065998044,1045.2132057683134,0.9752688559959105,213,2:07:47
6.0%,600000,1199.9999999854476,-1646948.8994807545,254940.8319122662,-1392008.0675684884,300.6700750209848,1045.2132057683134,0.9752688559959105,213,2:07:05
6.5%,650000,1299.999999983083,-1647762.772542811,255598.98231557777,-1392163.7902272332,301.4462791686471,1045.2132057683134,0.9752688559959105,213,2:06:23
7.0%,700000,1399.9999999807183,-1647039.494909932,254625.02814084085,-1392414.466769091,300.29762490016986,1045.2132057683134,0.9752688559959105,213,2:05:42
7.5%,750000,1499.9999999783536,-1644809.9902697904,254599.7988010924,-1390210.191468698,300.2678701236675,1045.2132057683134,0.9752688559959105,213,2:05:01
8.0%,800000,1599.9999999759889,-1648020.8336750977,254952.28127240232,-1393068.5524026954,300.68357807557686,1045.2132057683134,0.9752688559959105,213,2:04:20
8.5%,850000,1699.9999999736242,-1646672.4361255802,255790.6656394276,-1390881.7704861527,301.67234511081057,1045.2132057683134,0.9752688559959105,213,2:03:39
9.0%,900000,1799.9999999712595,-1647098.653177701,254422.75444186653,-1392675.8987358343,300.0590689662726,1045.2132057683134,0.9752688559959105,213,2:02:58
9.5%,950000,1899.9999999688948,-1647942.5426133694,253932.27444602965,-1394010.2681673397,299.48061059991994,1045.2132057683134,0.9752688559959105,213,2:02:18
10.0%,1000000,1999.9999999665301,-1645712.9759035837,254687.32854660755,-1391025.647356976,300.37110025339285,1045.2132057683134,0.9752688559959105,213,2:01:37
10.5%,1050000,2099.9999999641655,-1648136.41834951,252612.77072636026,-1395523.6476231497,297.92442487867777,1045.2132057683134,0.9752688559959105,213,2:00:56
11.0%,1100000,2199.9999999618008,-1649210.9501913395,254908.624315285,-1394302.3258760544,300.632090283397,1045.2132057683134,0.9752688559959105,213,2:00:15
11.5%,1150000,2299.999999959436,-1647174.54889555,254676.61525281036,-1392497.9336427397,300.35846529482006,1045.2132057683134,0.9752688559959105,213,1:59:34
12.0%,1200000,2399.9999999570714,-1647654.7498002136,254009.9768046855,-1393644.772995528,299.5722505848965,1045.2132057683134,0.9752688559959105,213,1:58:54
12.5%,1250000,2499.9999999547067,-1648064.3659338169,255854.7480461401,-1392209.6178876767,301.7479221060265,1045.2132057683134,0.9752688559959105,213,1:58:13
13.0%,1300000,2599.999999952342,-1648323.9013814852,255541.19018713178,-1392782.7111943534,301.3781207513973,1045.2132057683134,0.9752688559959105,213,1:57:32
13.5%,1350000,2699.9999999499773,-1646648.527200033,254758.09001420112,-1391890.4371858318,300.4545543458988,1045.2132057683134,0.9752688559959105,213,1:56:52
14.0%,1400000,2799.9999999476127,-1645697.1813733773,254533.65588093232,-1391163.525492445,300.18986301661647,1045.2132057683134,0.9752688559959105,213,1:56:11
14.5%,1450000,2899.999999945248,-1647450.7151379343,254253.53256615094,-1393197.1825717834,299.85949342678384,1045.2132057683134,0.9752688559959105,213,1:55:30
15.0%,1500000,2999.9999999428833,-1647765.1365498742,254407.9118908391,-1393357.224659035,300.0415640774031,1045.2132057683134,0.9752688559959105,213,1:54:50
15.5%,1550000,3099.9999999405186,-1645619.731857188,254316.04377563286,-1391303.688081555,299.93321739600293,1045.2132057683134,0.9752688559959105,213,1:54:09
16.0%,1600000,3199.999999938154,-1648302.6756570013,253286.0054928154,-1395016.670164186,298.718419101645,1045.2132057683134,0.9752688559959105,213,1:53:28
16.5%,1650000,3299.999999935789,-1646202.4534936454,252664.7750800335,-1393537.6784136118,297.98575735650434,1045.2132057683134,0.9752688559959105,213,1:52:48
17.0%,1700000,3399.9999999334245,-1646763.452456248,253276.91387163952,-1393486.5385846086,298.70769669833084,1045.2132057683134,0.9752688559959105,213,1:52:07
17.5%,1750000,3499.99999993106,-1645643.5697900802,255877.17039084295,-1389766.3993992372,301.7743663912098,1045.2132057683134,0.9752688559959105,213,1:51:26
18.0%,1800000,3599.999999928695,-1647255.255781144,256028.24875367995,-1391227.007027464,301.9525439798978,1045.2132057683134,0.9752688559959105,213,1:50:45
18.5%,1850000,3699.9999999263305,-1646865.7711811634,253875.93672402296,-1392989.8344571404,299.41416746887967,1045.2132057683134,0.9752688559959105,213,1:50:05
19.0%,1900000,3799.999999923966,-1644535.0286527341,254496.27025009648,-1390038.7584026377,300.1457714509626,1045.2132057683134,0.9752688559959105,213,1:49:24
19.5%,1950000,3899.999999921601,-1646743.461308604,256675.48055728333,-1390067.9807513207,302.71587103694753,1045.2132057683134,0.9752688559959105,213,1:48:43
20.0%,2000000,3999.9999999192364,-1648301.5151273021,254126.06045965778,-1394175.4546676443,299.7091563955014,1045.2132057683134,0.9752688559959105,213,1:48:02
20.5%,2050000,4099.999999917781,-1644153.5014282,254921.58743628132,-1389231.9139919186,300.6473786251398,1045.2132057683134,0.9752688559959105,213,1:47:22
21.0%,2100000,4199.999999938153,-1647554.9609461678,254246.16113374574,-1393308.7998124221,299.8507997659149,1045.2132057683134,0.9752688559959105,213,1:46:42
21.5%,2150000,4299.999999958526,-1646875.2765537556,255200.47753320288,-1391674.7990205528,300.9762937923771,1045.2132057683134,0.9752688559959105,213,1:46:02
22.0%,2200000,4399.999999978899,-1644635.0874860287,255371.90482222586,-1389263.1826638028,301.17847033453614,1045.2132057683134,0.9752688559959105,213,1:45:22
22.5%,2250000,4499.9999999992715,-1648514.8660942633,254961.60802471256,-1393553.2580695506,300.69457778596376,1045.2132057683134,0.9752688559959105,213,1:44:42
23.0%,2300000,4600.000000019644,-1647277.1053042198,255619.23483765507,-1391657.8704665648,301.4701644258131,1045.2132057683134,0.9752688559959105,213,1:44:02
23.5%,2350000,4700.000000040017,-1646610.0644939076,254443.53931422567,-1392166.5251796818,300.0835820624473,1045.2132057683134,0.9752688559959105,213,1:43:22
24.0%,2400000,4800.0000000603895,-1646916.516247903,254741.90260604295,-1392174.61364186,300.4354633702053,1045.2132057683134,0.9752688559959105,213,1:42:42
24.5%,2450000,4900.000000080762,-1646586.74450937,253761.144620239,-1392825.599889131,299.2787848775637,1045.2132057683134,0.9752688559959105,213,1:42:01
25.0%,2500000,5000.000000101135,-1647092.342319684,253161.254682182,-1393931.087637502,298.5712914904627,1045.2132057683134,0.9752688559959105,213,1:41:21
25.5%,2550000,5100.000000121508,-1646377.2215376468,254374.1856536885,-1392003.0358839585,300.0017882981441,1045.2132057683134,0.9752688559959105,213,1:40:41
26.0%,2600000,5200.00000014188,-1648135.6941795405,254755.32117930107,-1393380.3730002395,300.45128885958627,1045.2132057683134,0.9752688559959105,213,1:40:01
26.5%,2650000,5300.000000162253,-1648479.6722129453,254589.818877842,-1393889.8533351033,300.2561000817722,1045.2132057683134,0.9752688559959105,213,1:39:20
27.0%,2700000,5400.000000182626,-1646394.447138696,255373.2482610557,-1391021.1988776403,301.1800547486558,1045.2132057683134,0.9752688559959105,213,1:38:40
27.5%,2750000,5500.000000202998,-1644546.0001956746,254822.6378729791,-1389723.3623226956,300.5306802822412,1045.2132057683134,0.9752688559959105,213,1:38:00
28.0%,2800000,5600.000000223371,-1644831.1594336862,253945.9908347692,-1390885.1685989168,299.4967873245364,1045.2132057683134,0.9752688559959105,213,1:37:19
28.5%,2850000,5700.000000243744,-1647921.1014980786,255007.65005957644,-1392913.4514385022,300.7488784720202,1045.2132057683134,0.9752688559959105,213,1:36:39
29.0%,2900000,5800.000000264116,-1648080.6389819542,254942.21623345435,-1393138.4227484998,300.67170765061246,1045.2132057683134,0.9752688559959105,213,1:35:59
29.5%,2950000,5900.000000284489,-1644963.2069574594,254523.52921017943,-1390439.67774728,300.177919904828,1045.2132057683134,0.9752688559959105,213,1:35:19
30.0%,3000000,6000.000000304862,-1650169.42239945,253858.9153175616,-1396310.5070818886,299.3940928989517,1045.2132057683134,0.9752688559959105,213,1:34:39
30.5%,3050000,6100.000000325234,-1646095.353866769,255372.89953218953,-1390722.4543345794,301.1796434676006,1045.2132057683134,0.9752688559959105,213,1:33:58
31.0%,3100000,6200.000000345607,-1649619.964069861,254404.1939960133,-1395215.7700738476,300.037179296402,1045.2132057683134,0.9752688559959105,213,1:33:18
31.5%,3150000,6300.00000036598,-1648193.1494407086,253859.77163013752,-1394333.377810571,299.3951028100143,1045.2132057683134,0.9752688559959105,213,1:32:38
32.0%,3200000,6400.000000386352,-1646136.1996908328,253607.7768912113,-1392528.4227996215,299.0979072745266,1045.2132057683134,0.9752688559959105,213,1:31:57
32.5%,3250000,6500.000000406725,-1647875.9054193646,254250.60756623128,-1393625.2978531332,299.85604376382213,1045.2132057683134,0.9752688559959105,213,1:31:17
33.0%,3300000,6600.000000427098,-1646700.7150776777,255365.38734112392,-1391335.3277365537,301.17078379991096,1045.2132057683134,0.9752688559959105,213,1:30:37
33.5%,3350000,6700.0000004474705,-1650240.6966355685,254604.2821910909,-1395636.4144444775,300.27315770823003,1045.2132057683134,0.9752688559959105,213,1:29:56
34.0%,3400000,6800.000000467843,-1648841.2830395596,252905.48208936668,-1395935.8009501928,298.26964045993435,1045.2132057683134,0.9752688559959105,213,1:29:16
34.5%,3450000,6900.000000488216,-1648883.4810207533,254288.9276576442,-1394594.553363109,299.90123740610187,1045.2132057683134,0.9752688559959105,213,1:28:36
35.0%,3500000,7000.0000005085885,-1646606.309476602,253956.09617923127,-1392650.2132973706,299.508705284695,1045.2132057683134,0.9752688559959105,213,1:27:55
35.5%,3550000,7100.000000528961,-1645719.6343671018,254379.1960611666,-1391340.4383059351,300.0076974323578,1045.2132057683134,0.9752688559959105,213,1:27:15
36.0%,3600000,7200.000000549334,-1647446.4928898197,254857.16991693835,-1392589.3229728814,300.5714064074757,1045.2132057683134,0.9752688559959105,213,1:26:34
36.5%,3650000,7300.000000569707,-1647563.4762708666,255200.6221356994,-1392362.854135167,300.9764643325105,1045.2132057683134,0.9752688559959105,213,1:25:54
37.0%,3700000,7400.000000590079,-1645429.672371001,255248.8373832663,-1390180.8349877347,301.03332804474655,1045.2132057683134,0.9752688559959105,213,1:25:14
37.5%,3750000,7500.000000610452,-1647250.2257808233,253684.92902698787,-1393565.2967538354,299.1888983420538,1045.2132057683134,0.9752688559959105,213,1:24:33
38.0%,3800000,7600.000000630825,-1646935.0091540096,254294.98859090116,-1392640.0205631084,299.9083855009888,1045.2132057683134,0.9752688559959105,213,1:23:53
38.5%,3850000,7700.000000651197,-1645766.1773572676,254745.35814368277,-1391020.8192135848,300.43953873449124,1045.2132057683134,0.9752688559959105,213,1:23:12
39.0%,3900000,7800.00000067157,-1648450.5961149912,255662.63555717186,-1392787.9605578193,301.5213500185454,1045.2132057683134,0.9752688559959105,213,1:22:32
39.5%,3950000,7900.000000691943,-1648280.1645404864,255259.68075261643,-1393020.48378787,301.0461164107824,1045.2132057683134,0.9752688559959105,213,1:21:52
40.0%,4000000,8000.000000712315,-1647364.9232074711,253680.8439749345,-1393684.0792325367,299.18408054610427,1045.2132057683134,0.9752688559959105,213,1:21:11
40.5%,4050000,8100.000000732688,-1650032.4680964919,255339.6179262756,-1394692.8501702163,301.14039207396587,1045.2132057683134,0.9752688559959105,213,1:20:31
41.0%,4100000,8200.00000075306,-1646302.715925509,254575.76787408115,-1391726.948051428,300.2395287215739,1045.2132057683134,0.9752688559959105,213,1:19:50
41.5%,4150000,8300.000000773432,-1647386.7106888434,254815.14633974605,-1392571.5643490974,300.52184497782054,1045.2132057683134,0.9752688559959105,213,1:19:10
42.0%,4200000,8400.000000793805,-1650322.5282734483,254791.7808179807,-1395530.7474554677,300.4942883360327,1045.2132057683134,0.9752688559959105,213,1:18:29
42.5%,4250000,8500.000000814178,-1644904.2697368953,254487.02357850134,-1390417.246158394,300.13486618552764,1045.2132057683134,0.9752688559959105,213,1:17:49
43.0%,4300000,8600.00000083455,-1644383.9552853275,254664.4691382228,-1389719.4861471048,300.3441405075474,1045.2132057683134,0.9752688559959105,213,1:17:08
43.5%,4350000,8700.000000854923,-1646893.7551258365,254217.59417709007,-1392676.1609487464,299.8171086975351,1045.2132057683134,0.9752688559959105,213,1:16:28
44.0%,4400000,8800.000000875296,-1648542.467679483,254920.62676553693,-1393621.840913946,300.646245636977,1045.2132057683134,0.9752688559959105,213,1:15:47
44.5%,4450000,8900.000000895669,-1645414.0347817019,255182.73570470928,-1390231.2990769926,300.9553695768868,1045.2132057683134,0.9752688559959105,213,1:15:07
45.0%,4500000,9000.000000916041,-1647498.8778539756,254825.48981956398,-1392673.3880344117,300.53404378814645,1045.2132057683134,0.9752688559959105,213,1:14:26
45.5%,4550000,9100.000000936414,-1646948.6631110795,254493.49049620147,-1392455.172614878,300.14249308709327,1045.2132057683134,0.9752688559959105,213,1:13:46
46.0%,4600000,9200.000000956787,-1646829.0735908793,254175.8833463161,-1392653.1902445632,299.7679161122441,1045.2132057683134,0.9752688559959105,213,1:13:05
46.5%,4650000,9300.00000097716,-1649024.8115521455,254471.83997716894,-1394552.9715749766,300.116959071483,1045.2132057683134,0.9752688559959105,213,1:12:24
47.0%,4700000,9400.000000997532,-1648282.9888931802,255730.78631660767,-1392552.2025765725,301.6017251149887,1045.2132057683134,0.9752688559959105,213,1:11:44
47.5%,4750000,9500.000001017905,-1645503.989924877,255709.89209616304,-1389794.097828714,301.5770830567454,1045.2132057683134,0.9752688559959105,213,1:11:03
48.0%,4800000,9600.000001038277,-1646324.3420535652,253684.99185123862,-1392639.3502023267,299.18897243521513,1045.2132057683134,0.9752688559959105,213,1:10:23
48.5%,4850000,9700.00000105865,-1647719.8658259725,252947.08683104324,-1394772.7789949293,298.31870792671594,1045.2132057683134,0.9752688559959105,213,1:09:42
49.0%,4900000,9800.000001079023,-1650320.5468909582,255894.64809575025,-1394425.898795208,301.79497910674166,1045.2132057683134,0.9752688559959105,213,1:09:02
49.5%,4950000,9900.000001099395,-1647973.5420327988,254647.07591705708,-1393326.4661157418,300.3236274297735,1045.2132057683134,0.9752688559959105,213,1:08:21
50.0%,5000000,10000.000001119768,-1647179.1045117145,255797.1214970301,-1391381.9830146844,301.67995896840694,1045.2132057683134,0.9752688559959105,213,1:07:41
50.5%,5050000,10100.00000114014,-1647004.2895703139,254197.53515314253,-1392806.7544171712,299.79345164664244,1045.2132057683134,0.9752688559959105,213,1:07:00
51.0%,5100000,10200.000001160513,-1648313.99342715,254926.6131497292,-1393387.3802774209,300.6533058107855,1045.2132057683134,0.9752688559959105,213,1:06:19
51.5%,5150000,10300.000001180886,-1647740.3755502282,254489.7987497286,-1393250.5768004996,300.138139144727,1045.2132057683134,0.9752688559959105,213,1:05:39
52.0%,5200000,10400.000001201259,-1646959.8507676022,254709.67664239497,-1392250.1741252071,300.3974569714853,1045.2132057683134,0.9752688559959105,213,1:04:58
52.5%,5250000,10500.000001221631,-1646541.5411810363,254444.32885513097,-1392097.2123259052,300.0845132248721,1045.2132057683134,0.9752688559959105,213,1:04:18
53.0%,5300000,10600.000001242004,-1645435.0921581257,255286.57609033294,-1390148.5160677927,301.07783601861564,1045.2132057683134,0.9752688559959105,213,1:03:37
53.5%,5350000,10700.000001262377,-1646960.7405587267,252873.1656588701,-1394087.5748998567,298.2315273671476,1045.2132057683134,0.9752688559959105,213,1:02:57
54.0%,5400000,10800.00000128275,-1647474.6908159917,253809.72244291054,-1393664.9683730812,299.33607620072064,1045.2132057683134,0.9752688559959105,213,1:02:16
54.5%,5450000,10900.000001303122,-1645766.8056622716,255409.74943514925,-1390357.0562271224,301.22310321080573,1045.2132057683134,0.9752688559959105,213,1:01:35
55.0%,5500000,11000.000001323495,-1646722.6686009048,255245.9482244337,-1391476.720376471,301.0299206517588,1045.2132057683134,0.9752688559959105,213,1:00:55
55.5%,5550000,11100.000001343868,-1646380.8077746164,255535.4668196414,-1390845.340954975,301.3713707721186,1045.2132057683134,0.9752688559959105,213,1:00:14
56.0%,5600000,11200.00000136424,-1647340.342779019,254727.6145615073,-1392612.7282175117,300.41861245075785,1045.2132057683134,0.9752688559959105,213,59:34
56.5%,5650000,11300.000001384613,-1649693.8952742713,255250.234801345,-1394443.6604729262,301.03497612048005,1045.2132057683134,0.9752688559959105,213,58:53
57.0%,5700000,11400.000001404986,-1647894.57890811,255121.06323576267,-1392773.5156723473,300.88263479475796,1045.2132057683134,0.9752688559959105,213,58:12
57.5%,5750000,11500.000001425358,-1649111.7255103309,254350.5919048954,-1394761.1336054355,299.97396249179354,1045.2132057683134,0.9752688559959105,213,57:32
58.0%,5800000,11600.000001445731,-1648575.3993322384,255854.80351556375,-1392720.5958166746,301.7479875251108,1045.2132057683134,0.9752688559959105,213,56:51
58.5%,5850000,11700.000001466104,-1646542.757092365,254723.2136968247,-1391819.5433955404,300.41342219424087,1045.2132057683134,0.9752688559959105,213,56:11
59.0%,5900000,11800.000001486476,-1649027.6790334592,254939.86653847893,-1394087.8124949802,300.6689364861849,1045.2132057683134,0.9752688559959105,213,55:30
59.5%,5950000,11900.000001506849,-1646054.5776420888,254163.57496568558,-1391891.0026764031,299.75339995294627,1045.2132057683134,0.9752688559959105,213,54:49
60.0%,6000000,12000.000001527222,-1645246.9780551037,253896.03064490913,-1391350.9474101947,299.43786567624403,1045.2132057683134,0.9752688559959105,213,54:09
60.5%,6050000,12100.000001547594,-1646773.3267580876,254984.78187890697,-1391788.5448791806,300.7219083803879,1045.2132057683134,0.9752688559959105,213,53:28
61.0%,6100000,12200.000001567967,-1646435.106418158,253133.78401778778,-1393301.3224003701,298.5388933584635,1045.2132057683134,0.9752688559959105,213,52:48
61.5%,6150000,12300.00000158834,-1647109.3890143,254259.38906780083,-1392849.9999464992,299.86640042076056,1045.2132057683134,0.9752688559959105,213,52:07
62.0%,6200000,12400.000001608712,-1647527.3751520356,254068.8557279678,-1393458.5194240678,299.64169073752976,1045.2132057683134,0.9752688559959105,213,51:27
62.5%,6250000,12500.000001629085,-1645429.6774680745,253836.90238538996,-1391592.7750826846,299.3681314634381,1045.2132057683134,0.9752688559959105,213,50:46
63.0%,6300000,12600.000001649458,-1646467.8312365413,254338.92000052446,-1392128.9112360168,299.96019697476544,1045.2132057683134,0.9752688559959105,213,50:05
63.5%,6350000,12700.00000166983,-1646674.2211952675,254256.24816201185,-1392417.9730332557,299.8626961244651,1045.2132057683134,0.9752688559959105,213,49:25
64.0%,6400000,12800.000001690203,-1647386.509601283,254526.0251505634,-1392860.4844507196,300.18086354699335,1045.2132057683134,0.9752688559959105,213,48:44
64.5%,6450000,12900.000001710576,-1646366.6473193252,254817.47093679794,-1391549.1763825272,300.5245865424602,1045.2132057683134,0.9752688559959105,213,48:04
65.0%,6500000,13000.000001730948,-1646181.1783607062,254212.77083586282,-1391968.4075248435,299.811420184017,1045.2132057683134,0.9752688559959105,213,47:23
65.5%,6550000,13100.000001751321,-1646035.1807805058,255540.31806175524,-1390494.8627187505,301.3770921911607,1045.2132057683134,0.9752688559959105,213,46:43
66.0%,6600000,13200.000001771694,-1649025.781828925,256992.56027460698,-1392033.221554318,303.0898259726094,1045.2132057683134,0.9752688559959105,213,46:02
66.5%,6650000,13300.000001792067,-1645864.9030525135,254059.9131881839,-1391804.9898643296,299.63114415663284,1045.2132057683134,0.9752688559959105,213,45:21
67.0%,6700000,13400.00000181244,-1649162.8992970968,254617.10250701848,-1394545.7967900783,300.28827762967546,1045.2132057683134,0.9752688559959105,213,44:41
67.5%,6750000,13500.000001832812,-1649907.3708671788,254916.28182319048,-1394991.0890439884,300.6411213336966,1045.2132057683134,0.9752688559959105,213,44:00
68.0%,6800000,13600.000001853185,-1645004.1279733162,253460.54373099777,-1391543.5842423185,298.92426461008984,1045.2132057683134,0.9752688559959105,213,43:20
68.5%,6850000,13700.000001873557,-1646353.1363175614,255792.34473263516,-1390560.7915849262,301.67432538630004,1045.2132057683134,0.9752688559959105,213,42:39
69.0%,6900000,13800.00000189393,-1645318.677767965,255532.02280576085,-1389786.6549622042,301.36730899863153,1045.2132057683134,0.9752688559959105,213,41:58
69.5%,6950000,13900.000001914303,-1647747.1642635353,254148.32346295036,-1393598.840800585,299.73541275788926,1045.2132057683134,0.9752688559959105,213,41:18
70.0%,7000000,14000.000001934675,-1645597.8717418667,255414.973608809,-1390182.8981330576,301.2292644548655,1045.2132057683134,0.9752688559959105,213,40:37
70.5%,7050000,14100.000001955048,-1646695.204824577,255055.95655489448,-1391639.2482696825,300.80584979929773,1045.2132057683134,0.9752688559959105,213,39:57
71.0%,7100000,14200.00000197542,-1648210.7791328775,253809.25682044445,-1394401.522312433,299.33552705862854,1045.2132057683134,0.9752688559959105,213,39:16
71.5%,7150000,14300.000001995793,-1648635.7736737467,254427.69131233642,-1394208.0823614104,300.06489137299894,1045.2132057683134,0.9752688559959105,213,38:35
72.0%,7200000,14400.000002016166,-1647030.6177574936,253922.68239007329,-1393107.9353674203,299.4692979978453,1045.2132057683134,0.9752688559959105,213,37:55
72.5%,7250000,14500.000002036539,-1646462.0140457982,255659.72222895152,-1390802.2918168467,301.51791412085885,1045.2132057683134,0.9752688559959105,213,37:14
73.0%,7300000,14600.000002056911,-1646468.5618174085,254039.95876454216,-1392428.6030528664,299.6076104684105,1045.2132057683134,0.9752688559959105,213,36:33
73.5%,7350000,14700.000002077284,-1648278.2032075971,255216.4079026103,-1393061.7953049869,300.99508162376884,1045.2132057683134,0.9752688559959105,213,35:53
74.0%,7400000,14800.000002097657,-1647419.4670404512,255019.95610508329,-1392399.510935368,300.7633918773386,1045.2132057683134,0.9752688559959105,213,35:12
74.5%,7450000,14900.00000211803,-1649426.254617747,254026.5553012934,-1395399.6993164534,299.59180279935134,1045.2132057683134,0.9752688559959105,213,34:32
75.0%,7500000,15000.000002138402,-1648333.4868376246,256766.94771430345,-1391566.5391233212,302.8237448394958,1045.2132057683134,0.9752688559959105,213,33:51
75.5%,7550000,15100.000002158775,-1647864.7679789858,254377.96636144898,-1393486.8016175367,300.0062471589608,1045.2132057683134,0.9752688559959105,213,33:10
76.0%,7600000,15200.000002179147,-1646287.8423537249,254906.5064997766,-1391381.3358539483,300.62959259111676,1045.2132057683134,0.9752688559959105,213,32:30
76.5%,7650000,15300.00000219952,-1645496.2691288292,254223.61757813927,-1391272.65155069,299.82421252798764,1045.2132057683134,0.9752688559959105,213,31:49
77.0%,7700000,15400.000002219893,-1647496.119970791,254672.2589365796,-1392823.8610342115,300.35332757749916,1045.2132057683134,0.9752688559959105,213,31:09
77.5%,7750000,15500.000002240266,-1646190.617111329,255605.17805947512,-1390585.439051854,301.4535862554266,1045.2132057683134,0.9752688559959105,213,30:28
78.0%,7800000,15600.000002260638,-1646570.8914132193,255656.09670329152,-1390914.7947099279,301.51363827746405,1045.2132057683134,0.9752688559959105,213,29:47
78.5%,7850000,15700.00000228101,-1647865.7982670795,254894.92630306797,-1392970.8719640116,300.6159352315364,1045.2132057683134,0.9752688559959105,213,29:07
79.0%,7900000,15800.000002301384,-1646046.607096509,255127.65531172816,-1390918.951784781,300.89040930447544,1045.2132057683134,0.9752688559959105,213,28:26
79.5%,7950000,15900.000002321756,-1647799.689123747,254350.80864582554,-1393448.8804779213,299.9742181099746,1045.2132057683134,0.9752688559959105,213,27:45
80.0%,8000000,16000.000002342129,-1649360.3600865128,254709.83589114435,-1394650.5241953684,300.39764478499904,1045.2132057683134,0.9752688559959105,213,27:05
80.5%,8050000,16100.000002362502,-1647341.0025809687,253686.1188759428,-1393654.8837050258,299.19030161657776,1045.2132057683134,0.9752688559959105,213,26:24
81.0%,8100000,16200.000002382874,-1647067.9769429127,255529.31310180874,-1391538.663841104,301.3641132497024,1045.2132057683134,0.9752688559959105,213,25:44
81.5%,8150000,16300.000002403247,-1645400.998721363,256845.22738073315,-1388555.7713406298,302.9160656850877,1045.2132057683134,0.9752688559959105,213,25:03
82.0%,8200000,16400.000002423618,-1647368.1835146463,256121.15776592898,-1391247.0257487174,302.0621182661097,1045.2132057683134,0.9752688559959105,213,24:22
82.5%,8250000,16500.00000244399,-1647985.461868899,254060.14145498516,-1393925.3204139138,299.6314133681033,1045.2132057683134,0.9752688559959105,213,23:42
83.0%,8300000,16600.000002464363,-1648177.5767397005,253520.6767486374,-1394656.8999910632,298.9951838064748,1045.2132057683134,0.9752688559959105,213,23:01
83.5%,8350000,16700.000002484736,-1646702.382129169,254811.9462267507,-1391890.4359024183,300.51807085420455,1045.2132057683134,0.9752688559959105,213,22:20
84.0%,8400000,16800.00000250511,-1647250.1076199776,254027.3805206746,-1393222.727099303,299.5927760399711,1045.2132057683134,0.9752688559959105,213,21:40
84.5%,8450000,16900.00000252548,-1648009.254689861,255463.23715937557,-1392546.0175304855,301.2861851343062,1045.2132057683134,0.9752688559959105,213,20:59
85.0%,8500000,17000.000002545854,-1646560.0760733904,255056.50651160165,-1391503.5695617888,300.8064984028312,1045.2132057683134,0.9752688559959105,213,20:18
85.5%,8550000,17100.000002566227,-1649976.3113804925,254606.96588796654,-1395369.345492526,300.2763227851417,1045.2132057683134,0.9752688559959105,213,19:38
86.0%,8600000,17200.0000025866,-1647021.2918555057,254151.57063300925,-1392869.7212224964,299.73924237928765,1045.2132057683134,0.9752688559959105,213,18:57
86.5%,8650000,17300.000002606972,-1648545.3999755122,254790.20241226503,-1393755.197563247,300.4924268085505,1045.2132057683134,0.9752688559959105,213,18:17
87.0%,8700000,17400.000002627345,-1646652.7768749772,255014.3916887859,-1391638.3851861912,300.7568293606439,1045.2132057683134,0.9752688559959105,213,17:36
87.5%,8750000,17500.000002647717,-1645381.8687593807,254282.57024764453,-1391099.298511736,299.89373965485026,1045.2132057683134,0.9752688559959105,213,16:55
88.0%,8800000,17600.00000266809,-1648411.7885178337,254395.0114433307,-1394016.777074503,300.0263496510162,1045.2132057683134,0.9752688559959105,213,16:15
88.5%,8850000,17700.000002688463,-1647658.3332136292,254407.0662632842,-1393251.266950345,300.04056676795506,1045.2132057683134,0.9752688559959105,213,15:34
89.0%,8900000,17800.000002708835,-1648984.0719333002,254925.1835098725,-1394058.8884234277,300.6516197335897,1045.2132057683134,0.9752688559959105,213,14:53
89.5%,8950000,17900.000002729208,-1649481.3459128821,254898.96711756714,-1394582.378795315,300.62070085495384,1045.2132057683134,0.9752688559959105,213,14:13
90.0%,9000000,18000.00000274958,-1648907.0768729327,255102.25112304732,-1393804.8257498853,300.86044831604045,1045.2132057683134,0.9752688559959105,213,13:32
90.5%,9050000,18100.000002769953,-1648371.6006831033,254834.14223638875,-1393537.4584467146,300.54424820615316,1045.2132057683134,0.9752688559959105,213,12:52
91.0%,9100000,18200.000002790326,-1644941.4752231715,254643.10392465227,-1390298.3712985192,300.3189429732062,1045.2132057683134,0.9752688559959105,213,12:11
91.5%,9150000,18300.0000028107,-1648672.1500904625,254083.73707164274,-1394588.4130188199,299.659241377361,1045.2132057683134,0.9752688559959105,213,11:30
92.0%,9200000,18400.00000283107,-1646884.2015809305,254803.60467597557,-1392080.5969049549,300.5082330629079,1045.2132057683134,0.9752688559959105,213,10:50
92.5%,9250000,18500.000002851444,-1648031.7917106869,255903.4063097032,-1392128.3854009837,301.8053082989175,1045.2132057683134,0.9752688559959105,213,10:09
93.0%,9300000,18600.000002871817,-1649962.6068605976,255196.5548419872,-1394766.0520186103,300.971667480251,1045.2132057683134,0.9752688559959105,213,9:28
93.5%,9350000,18700.00000289219,-1647004.2805711217,254084.65730570751,-1392919.6232654143,299.6603266756367,1045.2132057683134,0.9752688559959105,213,8:48
94.0%,9400000,18800.000002912562,-1648000.456436418,254219.8618232141,-1393780.5946132038,299.81978309584593,1045.2132057683134,0.9752688559959105,213,8:07
94.5%,9450000,18900.000002932935,-1644396.0869442895,254324.03629843792,-1390072.0506458515,299.94264355348963,1045.2132057683134,0.9752688559959105,213,7:26
95.0%,9500000,19000.000002953308,-1648162.1366856378,253667.57588100026,-1394494.5608046376,299.1684325278223,1045.2132057683134,0.9752688559959105,213,6:46
95.5%,9550000,19100.00000297368,-1647643.7206663433,253722.9878078666,-1393920.7328584767,299.23378380201007,1045.2132057683134,0.9752688559959105,213,6:05
96.0%,9600000,19200.000002994053,-1645517.5433791485,255900.44758499786,-1389617.0957941506,301.80181886188836,1045.2132057683134,0.9752688559959105,213,5:25
96.5%,9650000,19300.000003014426,-1646379.0774141857,254089.4253600757,-1392289.65205411,299.6659499853821,1045.2132057683134,0.9752688559959105,213,4:44
97.0%,9700000,19400.0000030348,-1646675.3660833696,254131.53544350114,-1392543.8306398685,299.71561343806525,1045.2132057683134,0.9752688559959105,213,4:03
97.5%,9750000,19500.00000305517,-1648603.683793434,254240.02424726015,-1394363.6595461739,299.84356209391797,1045.2132057683134,0.9752688559959105,213,3:23
98.0%,9800000,19600.000003075544,-1647696.580875231,253990.07881850953,-1393706.5020567214,299.54878345744027,1045.2132057683134,0.9752688559959105,213,2:42
98.5%,9850000,19700.000003095916,-1648249.4137557643,254329.0846248589,-1393920.3291309054,299.94859740824234,1045.2132057683134,0.9752688559959105,213,2:01
99.0%,9900000,19800.00000311629,-1646869.3234979287,254848.30044165676,-1392021.023056272,300.56094599680586,1045.2132057683134,0.9752688559959105,213,1:21
99.5%,9950000,19900.00000313666,-1646214.401553101,253537.57625438485,-1392676.825298716,299.01511461011575,1045.2132057683134,0.9752688559959105,213,0:40
100.0%,10000000,20000.000003157034,-1648423.4409676725,253923.45552694873,-1394499.9854407238,299.47020981381684,1045.2132057683134,0.9752688559959105,213,0:00
100.5%,10050000,20100.000003177407,-1645817.2134198155,253611.71364582423,-1392205.4997739913,299.1025501726294,1045.2132057683134,0.9752688559959105,213,23:59:20
