#"Step","Potential Energy (kJ/mole)","Temperature (K)","Speed (ns/day)"
60000,-544946.8556506336,296.3742355895147,0
70000,-545731.4611193836,298.3831639737208,551
80000,-545729.8204943836,300.53239550097305,552
90000,-544766.1554553211,299.94204907942856,555
100000,-546572.5919787586,297.953418444307,556
110000,-546113.1969592273,300.4817933070975,553
120000,-544947.7174670398,298.9768563298494,551
130000,-544550.3410021961,302.29141939111906,550
140000,-546015.5245959461,300.7487675537573,508
150000,-545054.0988146961,299.60301413785913,441
160000,-545452.8659045398,297.0043231547961,399
170000,-544963.0397326648,301.5837184326501,370
180000,-546424.0763537586,301.6998894980165,349
190000,-546218.9288928211,301.01070779873504,333
200000,-545591.2726428211,298.641250172329,320
210000,-547130.4303576648,302.76681768469865,311
220000,-545555.0866076648,300.10869271465043,303
230000,-545797.9264514148,300.9300958485827,299
240000,-545883.9601428211,299.7784024248946,294
250000,-546977.0031115711,299.19816351567226,289
260000,-545966.8112170398,299.9890811229062,285
270000,-546319.4601428211,299.2229766810164,282
280000,-546455.6388537586,296.6965733893468,279
290000,-545962.5885607898,300.2293799950452,276
300000,-545869.5704943836,300.5666162409959,274
310000,-544834.2745959461,298.49684762548134,272
320000,-545191.4567248523,300.7763716241987,270
330000,-545193.8654162586,299.4985473159121,268
340000,-545821.5919787586,300.01176428608363,267
350000,-545435.1627795398,300.3526482189872,265
360000,-545464.6285998523,302.85916771288873,264
370000,-547257.5831896961,300.13728204979026,262
380000,-547410.4572131336,302.0971903774074,261
390000,-545698.0241076648,298.74772910390084,260
400000,-545946.8659045398,302.0376045745329,258
410000,-544818.6935412586,301.3994902258824,258
420000,-545945.4220568836,301.02450895359556,257
430000,-545039.6476428211,299.60639929140143,256
440000,-545462.1940295398,300.10602040920776,255
450000,-545412.2682482898,301.18973137455725,254
460000,-546938.7199084461,299.57561691401025,253
470000,-545977.6012561023,298.69904942033713,253
480000,-546410.8493029773,301.28778420074065,252
490000,-544566.3712756336,300.6066500148414,252
500000,-546629.0411975086,300.389943719671,251
510000,-545623.6256701648,299.915067073544,250
520000,-546298.4498889148,298.93341924631113,250
530000,-545238.7404162586,300.42820842425226,250
540000,-546157.0919787586,299.71112632307444,249
550000,-545552.0870959461,299.7841622900506,249
560000,-546575.0109240711,300.06863987935526,248
570000,-546107.2560412586,299.3992596556043,248
580000,-545378.7824084461,299.97044823917327,248
590000,-547730.9430529773,301.08477618605093,247
600000,-544404.7223498523,300.42569301900215,247
610000,-546466.0162951648,299.46451264145185,247
620000,-546388.3136584461,299.1762282076202,247
630000,-545654.4928576648,302.02828656248636,246
640000,-546321.3146350086,298.7000178952227,246
650000,-545114.8424670398,298.1681158946881,246
660000,-546714.2550646961,298.5414703996283,245
670000,-546520.2916857898,299.0124546494119,245
680000,-547142.7243029773,297.16139148119464,245
690000,-546195.5275256336,302.33144936823055,244
700000,-544767.4440295398,301.7706846589811,244
710000,-546014.3483264148,301.8258908072506,244
720000,-545633.1652209461,302.98600917598606,244
730000,-545275.2702014148,300.1784427553804,243
740000,-546079.2555529773,299.19903359322694,243
750000,-545590.5480334461,301.4541271403901,243
760000,-546185.3082873523,297.51759941491355,243
770000,-545255.5729357898,299.4946776371382,242
780000,-546886.9601428211,301.8016803191271,242
790000,-546220.9777209461,300.06515890148137,242
800000,-545772.0568225086,301.4050131998216,242
810000,-546715.4620959461,299.75168805166845,242
820000,-545829.2423693836,301.74332826011965,241
830000,-545209.4332873523,299.1186451173267,241
840000,-545511.3248889148,300.029118817239,241
850000,-545235.4743029773,302.6890212172236,240
860000,-546598.5245959461,300.033595362055,240
870000,-545147.0314318836,298.6618962159345,239
880000,-547658.6188342273,300.8175535069387,239
890000,-545369.8751818836,296.69563967731085,239
900000,-545802.5245959461,300.7066233688292,238
910000,-546050.3087756336,306.00547185948056,238
920000,-545463.2902209461,298.16049529919326,238
930000,-546232.1202990711,298.6402005895277,238
940000,-546200.9581896961,299.81911803685335,238
950000,-547294.9332873523,298.3239243016657,238
960000,-547098.2653186023,297.84526447503083,238
970000,-545762.4757678211,301.41267227074957,238
980000,-545753.7638537586,297.5137475398604,238
990000,-546177.3864123523,302.2178816448664,238
1000000,-546748.0153186023,300.10123860719324,238
1010000,-545584.7423693836,301.89234824117307,237
1020000,-545527.6022326648,299.53314092935256,237
1030000,-545668.3463732898,301.28564895487443,237
1040000,-545729.5651232898,299.5567643137751,237
1050000,-544296.2340686023,299.78939836504594,237
1060000,-545910.4122912586,297.91749663618646,237
1070000,-547037.9528186023,298.71346225667816,237
1080000,-544200.9279162586,302.3021550600769,237
1090000,-546479.3668811023,300.21104440968065,237
1100000,-546222.6398303211,300.18149272254294,237
1110000,-546499.2282092273,300.16107199265974,237
1120000,-546500.5294787586,300.669691475594,236
1130000,-546457.1867053211,296.81753430358674,236
1140000,-546177.1549670398,300.35011388945526,236
1150000,-545459.9596545398,298.19549865029154,236
1160000,-545854.4098498523,299.2193912689565,236
1170000,-546545.2516467273,296.3724148052703,236
1180000,-545959.5783068836,299.43791209918874,236
1190000,-544823.5162951648,300.12108010848056,236
1200000,-545714.6056506336,299.2268494437234,236
1210000,-545714.9952990711,299.36879533548307,236
1220000,-545607.6950061023,296.3424334155123,236
1230000,-547003.8019396961,301.6973604851914,236
1240000,-545952.7072131336,298.86769362540593,235
1250000,-545248.7223498523,299.6927656897458,235
1260000,-546459.9869982898,298.9964476324295,235
1270000,-545108.6998889148,300.72978214680495,235
1280000,-545949.6163928211,302.4412815876661,235
1290000,-546466.8395373523,301.28571162407474,235
1300000,-546069.4166857898,300.9604204543311,235
1310000,-545752.4459826648,299.72406548741435,235
1320000,-544794.0919787586,298.6862323401566,235
1330000,-545736.8038928211,300.62551796094243,235
1340000,-546208.1671740711,301.21968596451,235
1350000,-546606.9000842273,299.2860340350961,235
1360000,-546766.9923693836,299.01368455932214,235
1370000,-547803.4616076648,299.6884280845495,235
1380000,-545331.6100451648,300.17938669035595,235
1390000,-545755.9186389148,300.84912285644253,235
1400000,-546718.7394396961,299.7950530089869,235
1410000,-545047.5700061023,300.6305180709822,235
1420000,-545546.0773303211,297.0031823712421,235
1430000,-545991.5538928211,300.2336757030366,234
1440000,-546155.9035021961,299.61135663253475,234
1450000,-547468.1232287586,300.98647901353894,233
1460000,-546121.8244006336,301.7120872285507,233
1470000,-545289.0480334461,303.46369485740024,233
1480000,-546239.9630725086,303.33732426917095,233
1490000,-545828.6793811023,299.0632726543809,233
1500000,-546750.8790881336,298.89959957626064,232
1510000,-546839.1608264148,300.47580306387846,232
1520000,-544408.8234240711,302.6666518971898,231
1530000,-544964.7951037586,301.2074035266955,231
1540000,-545941.5709826648,300.0869600046737,231
1550000,-545882.9196154773,298.6008309575981,230
1560000,-546789.6056506336,300.1183436590402,230
1570000,-546267.2975451648,300.360634592189,230
1580000,-544018.7877795398,301.97180756920426,230
1590000,-546189.9357287586,301.21402061912676,230
1600000,-546374.2052600086,300.6262290181208,229
1610000,-545899.7301623523,298.9015745296654,229
1620000,-546452.5617053211,302.30057560384876,229
1630000,-545681.1017443836,302.17587858809117,229
1640000,-544918.4308459461,301.89288789572834,228
1650000,-545306.1378771961,299.3216360995666,228
1660000,-546412.4503771961,300.68245505158734,228
1670000,-545951.6085803211,301.13616443737106,228
1680000,-546470.3629748523,300.5190244697419,228
1690000,-545893.8693225086,298.93517662267266,227
1700000,-545844.4782092273,302.64145298077125,227
1710000,-546278.0846545398,299.1354499115619,227
1720000,-545737.5924670398,300.6006284850461,227
1730000,-547079.8160998523,300.5073431608829,227
1740000,-545392.9957873523,302.23744679429694,226
1750000,-544197.2072131336,301.97330415941644,226
1760000,-547794.0714709461,299.7590904480187,226
1770000,-545633.2203967273,299.3627242490601,226
1780000,-546123.3981311023,299.1289114446258,226
1790000,-545031.2819201648,300.219690304851,226
1800000,-546139.4181506336,301.76132031282503,225
1810000,-546872.7794787586,300.91525087164393,225
1820000,-546311.5685412586,301.8452499314861,225
1830000,-545663.2653186023,300.47818139243464,225
1840000,-546332.1657092273,300.1033497637994,225
1850000,-546242.5870959461,301.8497544088727,225
1860000,-546163.6364123523,298.59028265989355,225
1870000,-546237.5797717273,297.7746337006953,223
1880000,-545148.4074084461,300.5034380290035,223
1890000,-546421.7487170398,300.19346020068576,223
1900000,-545991.3722521961,300.9644394899687,223
1910000,-545483.8522326648,301.3199459113845,223
1920000,-546770.2750842273,298.11410214909233,223
1930000,-546532.3785998523,299.67252279434115,222
1940000,-545382.2828967273,299.43835932031243,222
1950000,-546412.8722521961,297.28993426305874,222
1960000,-546833.6593615711,300.02123345242995,221
1970000,-545920.5372912586,299.00134951273907,221
1980000,-546077.2028186023,297.7037131043463,220
1990000,-546444.4152209461,304.1166978522129,219
2000000,-545124.2394396961,300.0487572059196,218
2010000,-545506.7106311023,296.330760333251,218
2020000,-546378.1369006336,297.3721414945737,217
2030000,-546125.2042834461,302.59378444333584,217
2040000,-546151.9161975086,300.7020244956482,216
2050000,-545828.0236193836,300.3156327404286,216
2060000,-545935.2750842273,299.04400976466167,216
2070000,-545519.8790881336,301.2027006829581,216
2080000,-545432.5411975086,302.2663484958028,216
2090000,-545725.6456896961,298.365945232535,216
2100000,-546709.2081896961,300.4357290641123,216
2110000,-545930.4425646961,299.02427941734607,216
2120000,-546615.8385607898,298.51706238468876,216
2130000,-544369.5631701648,300.25204966156275,216
2140000,-545181.0153186023,299.9822567791288,216
2150000,-545616.4869982898,300.4167160097208,216
2160000,-545568.4376818836,299.1580845925014,216
2170000,-545787.9362170398,298.24853232550646,216
2180000,-545886.9567248523,299.3494688506048,216
2190000,-545499.1305529773,301.80994451956036,216
2200000,-546397.7003771961,300.0528076193345,217
2210000,-545498.8121936023,299.4576463173391,217
2220000,-545925.0040881336,300.8119104642107,217
2230000,-544893.5236193836,302.17981683553916,217
2240000,-545209.9601428211,299.13369892515396,217
2250000,-546635.2404162586,298.7028589289001,217
2260000,-546151.4928576648,301.00475899881485,217
2270000,-546762.6867053211,298.3846330882706,217
2280000,-546032.0660998523,301.86264602729824,217
2290000,-546060.8234240711,298.71956153745003,217
2300000,-546423.8742053211,299.95581050455,217
2310000,-546535.6749865711,298.8337974986204,217
2320000,-546138.3234240711,299.356604337197,217
2330000,-545665.7667834461,302.6962089577929,217
2340000,-545705.2506701648,300.9282257356273,217
2350000,-545320.7882678211,299.441228880546,217
2360000,-545554.1403186023,301.4781840948714,217
2370000,-545877.1852404773,299.92113196839273,217
2380000,-546028.6354357898,298.34074471507176,217
2390000,-545433.4420764148,301.55029423392233,217
2400000,-544871.0397326648,300.5461868615134,217
2410000,-545852.4528186023,299.4510929747413,217
2420000,-545458.2160021961,300.0279835438227,217
2430000,-547270.7633654773,300.3375379327752,217
2440000,-544749.9850451648,300.8751719898394,217
2450000,-544680.6852404773,301.81626244730546,217
2460000,-545797.4489123523,299.2651450301169,217
2470000,-546217.5626818836,302.42205341392315,217
2480000,-546342.2184436023,300.2346702542185,217
2490000,-546151.7369982898,297.00797894273586,217
2500000,-545386.6227404773,297.3894339966329,217
2510000,-546407.6622912586,300.0780227911288,216
2520000,-546024.3180529773,300.8949641069113,216
2530000,-547117.5358264148,301.8831922271798,216
2540000,-545132.8878771961,300.9067026796793,215
2550000,-545730.9645373523,300.8637544965173,214
2560000,-545601.5636584461,300.32932188696265,214
2570000,-546063.6334826648,303.3040762989618,214
2580000,-546541.4171740711,299.71188678418804,213
2590000,-546000.6681506336,299.291854593958,213
2600000,-545839.2780139148,300.07902998848135,213
2610000,-545508.3453967273,301.3313487138726,213
2620000,-545378.6095568836,299.5460305136176,213
2630000,-546262.2052600086,303.5282490802649,213
2640000,-545285.0919787586,298.4016205999367,213
2650000,-546645.3410021961,300.0389832537346,213
2660000,-545678.9747912586,302.56603311245743,213
2670000,-545055.1139514148,298.12011394913736,213
2680000,-546526.4015490711,303.14282511016137,213
2690000,-546277.0353381336,301.46490042898034,213
2700000,-545895.6017443836,298.4314006966875,213
2710000,-547234.3195178211,302.5186804304342,213
2720000,-546112.8546740711,297.2130311631787,213
2730000,-546828.9992053211,298.6866194819498,213
2740000,-545487.6574084461,299.88549011041806,212
2750000,-546552.9264514148,303.0259793446056,212
2760000,-545082.9840686023,300.672390536141,212
2770000,-546778.5055529773,300.1778826244857,212
2780000,-546423.6784045398,299.28356812013493,211
2790000,-547156.4284045398,299.73750156087846,211
2800000,-545979.8576037586,301.19366278291704,210
2810000,-545544.1124865711,300.9763310036521,210
2820000,-545873.1256701648,299.70213164770263,210
2830000,-545950.0607287586,299.9386676067482,210
2840000,-546976.9557482898,301.4826415324135,210
2850000,-546172.3014514148,300.4230950692408,210
2860000,-546385.2853381336,299.4935974788938,210
2870000,-546334.0993029773,301.95050190285536,210
2880000,-546198.4064318836,301.0920615670977,210
2890000,-546725.9347521961,301.4255446700779,210
2900000,-545964.3175646961,300.1944970495769,210
2910000,-546086.6906115711,299.26957814279285,210
2920000,-545333.9020373523,297.7421851439129,210
2930000,-547831.1642443836,301.0974151840494,210
2940000,-546389.2330920398,299.86347275843,210
2950000,-545625.7594592273,301.5273208104334,210
2960000,-545103.1393420398,302.0269684958278,210
2970000,-546392.6500842273,299.36470114106146,210
2980000,-546240.6046740711,297.14034210411353,210
2990000,-546487.3483264148,300.4466251081251,210
3000000,-544923.1671740711,300.50100370202654,209
3010000,-545666.3668811023,299.19836300251535,209
3020000,-546324.3859240711,300.44120509401665,209
3030000,-545155.8214709461,303.04429640965594,208
3040000,-545522.7291857898,297.68132097392197,208
3050000,-546070.6398303211,300.5310820218334,207
3060000,-546588.2247912586,300.1840152919958,207
3070000,-546213.9669787586,299.2598974608724,207
3080000,-546438.1271350086,298.84898792231525,206
3090000,-546929.6456896961,299.81293463780185,206
3100000,-545694.6393420398,302.8957885745728,206
3110000,-546031.0280139148,298.74491242589846,206
3120000,-546163.7125842273,301.02786592807144,206
3130000,-546038.7130725086,298.5826140187951,206
3140000,-546248.3141467273,301.997887484691,206
3150000,-545976.8263537586,297.39762015282747,206
3160000,-544922.8878771961,301.7322298088679,206
3170000,-546469.9113146961,299.72174005933687,206
3180000,-546484.6349475086,301.4194619083425,206
3190000,-545840.0426623523,299.1413310108187,205
3200000,-546729.7975451648,300.94895705174883,205
3210000,-545735.1627795398,300.4595513948666,204
3220000,-546735.7106311023,300.83407252611,204
3230000,-546211.7897326648,301.82057745339387,204
3240000,-546615.4684436023,299.093741452386,203
3250000,-545290.9010607898,301.97291082556757,203
3260000,-545767.3239123523,302.5406203259529,203
3270000,-545763.4552600086,302.92155547932174,202
3280000,-545956.9284045398,301.24873025942355,202
3290000,-546268.4030139148,303.0595384195393,202
3300000,-544570.2360217273,298.3336956127809,202
3310000,-545908.8795764148,301.80523166127597,202
3320000,-546448.6959826648,299.24367705854195,202
3330000,-546144.6779162586,302.0294605136273,202
3340000,-546018.0592639148,300.71024657437255,202
3350000,-545971.7877795398,300.88970930578637,202
3360000,-544885.5328967273,301.8959847205595,202
3370000,-544538.6359240711,301.7839402968343,201
3380000,-545309.6329943836,297.6060667706976,201
3390000,-545820.3029162586,300.7055365764112,201
3400000,-545177.6403186023,299.02333136636804,200
3410000,-546865.7775256336,300.48155397124935,200
3420000,-544369.4786975086,304.1258057307569,200
3430000,-545386.8624865711,299.7649703224988,199
3440000,-546259.1447131336,303.1467691386489,199
3450000,-545877.8883654773,300.7416173125116,199
3460000,-545180.6725451648,301.8860949567945,199
3470000,-546510.6339709461,296.23430222673005,199
3480000,-547597.5494982898,300.8888418125168,199
3490000,-546874.6549670398,299.02415476753697,199
3500000,-545787.4274279773,299.2972259828905,199
3510000,-547039.4078967273,300.9534649844859,198
3520000,-544810.9611193836,301.36607189555207,198
3530000,-545198.4181506336,299.97592563634873,198
3540000,-546071.3707873523,301.60063514413997,198
3550000,-546374.4088732898,298.23188464929297,197
3560000,-545049.3395373523,295.9868139004502,197
3570000,-545431.9459826648,301.62649093378104,197
3580000,-545737.4523303211,301.49545548569046,197
3590000,-545758.7985217273,299.907177221099,197
3600000,-545033.7496936023,300.51506452539877,197
3610000,-546055.6456896961,298.7804577157952,197
3620000,-547824.4625842273,300.7491892797948,197
3630000,-546246.0680529773,299.61934674808845,197
3640000,-545926.7579943836,300.35516761014026,196
3650000,-545503.4035021961,301.027809328271,196
3660000,-546473.7037951648,300.7969171932321,196
3670000,-547441.1339709461,299.80016759289265,196
3680000,-546346.1364123523,298.2495499078344,195
3690000,-546583.3746936023,299.68515279828813,195
3700000,-547030.9635607898,300.49529044516805,195
3710000,-544018.4533068836,300.9585866227666,195
3720000,-545551.7702014148,302.05541457204305,195
3730000,-547186.3590686023,299.354005909816,195
3740000,-545329.4435412586,300.90996234351053,195
3750000,-546570.9689318836,299.2233291176009,195
3760000,-545417.0162951648,304.1576671741993,194
3770000,-547735.8385607898,300.369253468966,194
3780000,-544671.1212756336,300.60363306650265,194
3790000,-546827.4015490711,300.6487139944414,194
3800000,-545679.3595568836,300.88219001955235,194
3810000,-546105.6525256336,298.37014103290824,194
3820000,-546246.9381701648,301.92010173630905,194
3830000,-546138.1076037586,297.9207157286425,194
3840000,-546563.8024279773,301.72540218984653,194
3850000,-545270.8082873523,300.88123640212837,194
3860000,-546074.6901232898,299.3635861605145,194
3870000,-546996.5949084461,297.8787971979507,194
3880000,-546472.6808459461,299.36992295801554,193
3890000,-546655.1622912586,299.42171550214476,193
3900000,-547294.7633654773,303.0372988193907,193
3910000,-545457.0963732898,299.89806751952534,193
3920000,-546008.6505725086,298.50499026222235,192
3930000,-546357.9806506336,300.82321689973975,192
3940000,-545467.0827014148,297.9791172079318,192
3950000,-546623.5900256336,304.2963041867807,192
3960000,-546394.3859240711,300.0833399937454,192
3970000,-545567.7614123523,299.3141518710155,192
3980000,-545615.1354357898,299.8286783497139,192
3990000,-545852.2238146961,300.94191510446024,191
4000000,-545182.4738146961,298.7710999757981,192
4010000,-546661.9274279773,298.9141135159987,191
4020000,-546940.2404162586,303.5086117792071,191
4030000,-546803.4743029773,300.283279330993,191
4040000,-545581.9259631336,300.69123007600854,191
4050000,-547105.1349475086,298.97261697996055,190
4060000,-546597.7467639148,299.60510511349594,190
4070000,-546752.9884631336,300.17497032295523,190
4080000,-546283.7946154773,298.77574469485774,190
4090000,-546896.3551623523,299.13470069077647,190
4100000,-546910.8424670398,302.8142938938502,190
4110000,-545750.6163928211,301.28081835999984,190
4120000,-547026.6603381336,301.0694384593055,190
4130000,-547067.8380725086,298.80008762128244,190
4140000,-544765.2081896961,297.24065581090116,190
4150000,-546941.0192248523,298.64513226411,189
4160000,-545996.3961779773,299.4330288324489,189
4170000,-546795.0577990711,302.4884751940346,189
4180000,-545878.3873889148,301.0526827841052,189
4190000,-547023.7711779773,298.4028201973235,189
4200000,-546151.8683459461,299.92885564141653,188
4210000,-547069.0221545398,299.3879432325759,188
4220000,-545528.1237170398,300.7039135299611,188
4230000,-546077.5197131336,299.26028679080224,188
4240000,-545929.8200061023,303.0621439606222,188
4250000,-545939.2238146961,300.6076310470011,188
4260000,-547146.4967639148,300.12170882450397,188
4270000,-546293.9371936023,300.87257285113736,188
4280000,-544260.8190295398,302.9226620816425,188
4290000,-546467.8175646961,300.90573332768054,188
4300000,-546773.8663928211,300.89512536016997,188
4310000,-546417.7872912586,298.8263881715847,188
4320000,-544576.1935412586,299.06613992593833,188
4330000,-545224.7965686023,302.9807285793422,188
4340000,-546550.8160998523,301.7316826516692,187
4350000,-547042.3873889148,302.4398091910336,187
4360000,-546526.7243029773,298.51441648668873,187
4370000,-546052.4137561023,304.7289860990368,187
4380000,-546515.1359240711,298.4032698301216,187
4390000,-546104.1163928211,299.4819612503991,187
4400000,-545563.8170764148,300.6649800158706,187
4410000,-544949.0558459461,300.0782512573497,187
4420000,-545524.7799670398,299.01359599974455,187
4430000,-546257.0035998523,300.503724871686,187
4440000,-546126.6432482898,301.64634805424436,186
4450000,-546035.2770373523,298.7588949519359,186
4460000,-545984.8136584461,299.27878899687744,186
4470000,-546731.1139514148,303.75304465386324,186
4480000,-545388.1505725086,301.92504267603493,186
4490000,-544865.0231311023,302.5552370520113,186
4500000,-545357.1740100086,301.3847602488757,186
4510000,-545885.8917834461,300.0641400079621,186
4520000,-545537.7428576648,298.51420899976114,186
4530000,-546742.7150256336,300.52887160199384,186
4540000,-547657.6798693836,299.4089640963515,186
4550000,-546303.0231311023,299.2264588778409,186
4560000,-547785.0778186023,301.06670755881356,186
4570000,-545645.4020373523,300.3763822738946,186
4580000,-546464.4440295398,299.62803909032704,186
4590000,-547242.4762561023,301.36227092905057,185
4600000,-546692.6398303211,299.4118093812727,185
4610000,-546214.8727404773,302.10942313234705,185
4620000,-546879.5275256336,298.05783239460874,185
4630000,-546829.1871936023,300.11626047087515,185
4640000,-546517.3937365711,300.5168465982264,185
4650000,-545268.5587756336,301.45869088347007,185
4660000,-546756.9327990711,299.0655296924406,185
4670000,-547363.3317248523,299.7389292343458,185
4680000,-545810.7155139148,299.8090372197948,185
4690000,-546184.3253771961,298.07308997467135,185
4700000,-546836.2404162586,300.2026046516981,185
4710000,-545344.4616076648,304.5487828361594,185
4720000,-545581.3395373523,301.6785196793159,184
4730000,-544770.0211779773,298.55909547808227,184
4740000,-546189.4323107898,297.89900825973785,184
4750000,-546280.5704943836,298.0679804583832,184
4760000,-544576.4943225086,303.4921613287241,184
4770000,-546730.3595568836,302.38110927972286,184
4780000,-545876.8449084461,299.50666806764855,184
4790000,-546182.6910998523,301.3869780552122,184
4800000,-546589.6178576648,298.83417028766206,184
4810000,-545525.5001818836,299.71812406912306,184
4820000,-546649.0700061023,300.19408709833743,184
4830000,-545151.4459826648,301.8320233671787,184
4840000,-545065.0065295398,298.52433742244676,184
4850000,-545230.6798693836,302.8764311633581,183
4860000,-544720.4035021961,300.78831636422444,183
4870000,-546192.3112170398,302.154166050631,183
4880000,-545987.6901232898,298.64373446860026,183
4890000,-546957.6290881336,298.5315474391736,183
4900000,-546306.7911975086,298.980767829975,183
4910000,-545611.1080920398,299.6832710098956,183
4920000,-546111.4738146961,299.9591200563956,183
4930000,-547834.6652209461,300.6114874242389,183
4940000,-546033.6691271961,301.7013882566942,183
4950000,-546328.9684436023,300.2458896145473,183
4960000,-545171.7072131336,299.64181158793735,183
4970000,-546650.2350451648,302.31085788855245,183
4980000,-545404.9581896961,301.5260845100224,183
4990000,-546140.9425646961,297.0026554035278,183
5000000,-546702.6857287586,298.83136188594915,183
5010000,-546005.0206896961,300.8092046348829,183
5020000,-546319.1212756336,301.2066918103489,182
5030000,-546643.6720568836,298.0049669620567,182
5040000,-545982.6549670398,298.69699437912647,182
5050000,-545239.4616076648,300.27776884908826,182
