smiles,name,chembl_id
Cc1cc(-n2ncc(=O)[nH]c2=O)ccc1C(=O)c1ccccc1Cl,,CHEMBL6329
Cc1cc(-n2ncc(=O)[nH]c2=O)ccc1C(=O)c1ccc(C#N)cc1,,CHEMBL6328
Cc1cc(-n2ncc(=O)[nH]c2=O)cc(C)c1C(O)c1ccc(Cl)cc1,,CHEMBL265667
Cc1ccc(C(=O)c2ccc(-n3ncc(=O)[nH]c3=O)cc2)cc1,,CHEMBL6362
Cc1cc(-n2ncc(=O)[nH]c2=O)ccc1C(=O)c1ccc(Cl)cc1,,CHEMBL267864
Cc1cc(-n2ncc(=O)[nH]c2=O)ccc1C(=O)c1ccccc1,,CHEMBL6363
Cc1cc(Br)ccc1C(=O)c1ccc(-n2ncc(=O)[nH]c2=O)cc1Cl,,CHEMBL6352
O=C(c1ccc(Cl)cc1Cl)c1ccc(-n2ncc(=O)[nH]c2=O)cc1Cl,,CHEMBL268097
CS(=O)(=O)c1ccc(C(=O)c2ccc(-n3ncc(=O)[nH]c3=O)cc2Cl)cc1,,CHEMBL266457
c1cc2cc(c1)-c1cccc(c1)C[n+]1ccc(c3ccccc31)NCCCCCCCCCCNc1cc[n+](c3ccccc13)C2,,CHEMBL268556
CSc1ccc(C(=O)c2ccc(-n3ncc(=O)[nH]c3=O)cc2Cl)cc1,,CHEMBL6214
O=C(c1ccc(Cl)cc1)c1ccc(-n2ncc(=O)[nH]c2=O)cc1Cl,,CHEMBL6222
O=C1O/C(=C/Br)CCC1c1cccc2ccccc12,BROMOENOL LACTONE,CHEMBL6206
O=C1O/C(=C/I)CCC1c1cccc2ccccc12,,CHEMBL6223
C#C/C=C1\CCC(c2cccc3ccccc23)C(=O)O1,,CHEMBL269758
O=C1O/C(=C\I)CCC1c1cccc2ccccc12,,CHEMBL6228
O=C(c1ccccc1)c1ccc(-n2ncc(=O)[nH]c2=O)cc1,,CHEMBL268365
O=c1cnn(-c2ccc(C(O)c3ccc(Cl)cc3)c(Cl)c2)c(=O)[nH]1,,CHEMBL6230
O=C(c1ccccc1)c1cc(-n2ncc(=O)[nH]c2=O)ccc1Cl,,CHEMBL6254
Cc1cc(-n2ncc(=O)[nH]c2=O)ccc1C(O)c1ccccc1,,CHEMBL6268
COc1cc2nc(N3CCN(C(=O)C4CC4c4ccccc4)CC3)nc(N)c2cc1OC,,CHEMBL414196
COc1ccc(C(=O)c2ccc(-n3ncc(=O)[nH]c3=O)cc2)cc1,,CHEMBL268528
COc1cc2nc(N3CCN(S(=O)(=O)c4cccs4)CC3)nc(N)c2cc1OC,,CHEMBL112998
c1ccc2c(c1)c1cc[n+]2Cc2ccc(cc2)-c2ccc(cc2)C[n+]2ccc(c3ccccc32)NCCCCCCCCCCN1,,CHEMBL6266
Nc1cc[n+](Cc2cccc(-c3cccc(C[n+]4ccc(N)c5ccccc54)c3)c2)c2ccccc12,,CHEMBL6354
Nc1cc[n+](Cc2ccc(CCc3ccc(C[n+]4ccc(N)c5ccccc54)cc3)cc2)c2ccccc12,,CHEMBL429017
Nc1cc[n+](Cc2ccc(/C=C\c3ccc(C[n+]4ccc(N)c5ccccc54)cc3)cc2)c2ccccc12,,CHEMBL6361
c1ccc(C[n+]2ccc(NCCCCCCCCCCNc3cc[n+](Cc4ccccc4)c4ccccc34)c3ccccc32)cc1,,CHEMBL6212
C1=C\c2ccc(cc2)C[n+]2ccc(c3ccccc32)NCCCCCCCCCCNc2cc[n+](c3ccccc23)Cc2ccc/1cc2,,CHEMBL258254
c1ccc2c(c1)c1cc[n+]2Cc2ccc(cc2)CCc2ccc(cc2)C[n+]2ccc(c3ccccc32)NCCCCCCCCCCN1,,CHEMBL266885
c1ccc2c(c1)c1cc[n+]2Cc2ccc(cc2)Cc2ccc(cc2)C[n+]2ccc(c3ccccc32)NCCCCCCCCCCN1,UCL-1530,CHEMBL446445
Nc1cc[n+](Cc2ccc3c(c2)Cc2cc(C[n+]4ccc(N)c5ccccc54)ccc2-3)c2ccccc12,,CHEMBL6356
Nc1cc[n+](Cc2ccc(-c3ccc(C[n+]4ccc(N)c5ccccc54)cc3)cc2)c2ccccc12,,CHEMBL269729
Cc1cc(-n2ncc(=O)[nH]c2=O)ccc1C(=O)c1ccc(Cl)cc1Cl,,CHEMBL6344
c1ccc2c(c1)c1cc[n+]2Cc2ccc3c(c2)Cc2cc(ccc2-3)C[n+]2ccc(c3ccccc32)NCCCCCCCCCCN1,,CHEMBL6207
Nc1cc[n+](Cc2ccc(Cc3ccc(C[n+]4ccc(N)c5ccccc54)cc3)cc2)c2ccccc12,,CHEMBL6315
COC(=O)/C=C/C(=O)Nc1ccc(CCCCC(=O)N2CCN(c3nc(N)c4cc(OC)c(OC)cc4n3)CC2)cc1,,CHEMBL266223
COc1cc2nc(N3CCN(C(=O)CCc4ccccc4)CC3)nc(N)c2cc1OC,,CHEMBL263077
COc1ccc(/C=C/C(=O)N2CCN(c3nc(N)c4cc(OC)c(OC)cc4n3)CC2)cc1,,CHEMBL6347
COc1cc2nc(N3CCN(C(=O)/C=C/c4cccc(F)c4)CC3)nc(N)c2cc1OC,,CHEMBL6348
COc1cc2nc(N3CCN(C(=O)C4CC5C=CC4C5)CC3)nc(N)c2cc1OC,,CHEMBL6339
C/C=C/C=C/C(=O)N1CCN(c2nc(N)c3cc(OC)c(OC)cc3n2)CC1,,CHEMBL6340
COc1cc2nc(N3CCN(C(=O)/C=C/c4ccccc4)CC3)nc(N)c2cc1OC,,CHEMBL268768
COc1cc2nc(N3CCN(C(=O)/C=C/c4ccc(F)cc4)CC3)nc(N)c2cc1OC,,CHEMBL6358
COc1cc2nc(N3CCN(C(=O)/C=C/c4ccc(Cl)cc4)CC3)nc(N)c2cc1OC,,CHEMBL6351
COc1cc2nc(N3CCN(C(=O)/C(F)=C/c4ccccc4)CC3)nc(N)c2cc1OC,,CHEMBL6342
COc1cc2nc(N3CCN(C(=O)Nc4ccccc4)CC3)nc(N)c2cc1OC,,CHEMBL6218
COC(=O)/C=C/C(=O)Nc1ccc(/C=C/C(=O)N2CCN(c3nc(N)c4cc(OC)c(OC)cc4n3)CC2)cc1,,CHEMBL6219
COc1cc2nc(N3CCN(/C(S)=N/C4CCCCC4)CC3)nc(N)c2cc1OC,,CHEMBL6208
COc1cc2nc(N3CCN(C(=O)C4=CC5C=CC4CC5)CC3)nc(N)c2cc1OC,,CHEMBL429379
COc1cc2nc(N3CCN(S(=O)(=O)c4ccc(C)cc4)CC3)nc(N)c2cc1OC,,CHEMBL415285
COc1cc2nc(N3CCN(/C(S)=N/c4ccccc4)CC3)nc(N)c2cc1OC,,CHEMBL264721
O=C(c1ccc(-n2ncc(=O)[nH]c2=O)cc1)c1cccs1,,CHEMBL415286
Cc1cc(-n2ncc(=O)[nH]c2=O)ccc1Cc1ccccc1,,CHEMBL6226
Cc1cc(-n2ncc(=O)[nH]c2=O)cc(Cl)c1C(=O)c1ccc(Cl)cc1,,CHEMBL6236
O=C(c1ccccc1)c1cccc(-n2ncc(=O)[nH]c2=O)c1,,CHEMBL6237
Cc1cc(-n2ncc(=O)[nH]c2=O)cc(C)c1C(=O)c1ccc(Cl)cc1,,CHEMBL6238
Cc1cc(Cl)ccc1C(=O)c1ccc(-n2ncc(=O)[nH]c2=O)cc1C,,CHEMBL266484
CC(=O)c1ccc(-n2ncc(=O)[nH]c2=O)cc1Cl,,CHEMBL6239
O=C(c1ccccc1)c1ccc(-n2ncc(=O)[nH]c2=O)cc1Cl,,CHEMBL6240
Cc1cc(C)c(C(=O)c2ccc(-n3ncc(=O)[nH]c3=O)cc2)c(C)c1,,CHEMBL6243
O=C(c1ccc(Cl)cc1)c1ccc(-n2ncc(=O)[nH]c2=O)cc1,,CHEMBL6272
Cc1cc(-n2ncc(=O)[nH]c2=O)ccc1C(O)c1ccc(Cl)cc1,,CHEMBL269496
c1cncc(CN2CCN(CC3CCCCN3)CC2)c1,,CHEMBL6283
c1cc(CN2CCN(CC3CCCCN3)CC2)ccn1,,CHEMBL6284
CN1CCCCC1CN1CCN(Cc2ccncc2)CC1,,CHEMBL6277
CN1CCCCC1CN1CCN(Cc2cccnc2)CC1,,CHEMBL268830
COc1cc2nc(N3CCN(C(=O)/C=C/c4ccc(Br)cc4)CC3)nc(N)c2cc1OC,,CHEMBL6290
CCCC(=O)c1ccc(-n2ncc(=O)[nH]c2=O)cc1,,CHEMBL6308
CC(=O)c1ccc(-n2ncc(=O)[nH]c2=O)cc1,,CHEMBL268150
O=c1cnn(-c2ccc(-c3ccc4oc5ccc(Cl)cc5c(=O)c4c3)cc2)c(=O)[nH]1,,CHEMBL6293
COc1cc2nc(N3CCN(C(=O)c4ccc(N=C=S)c(I)c4)CC3)nc(N)c2cc1OC,,CHEMBL447227
COc1cc2nc(N3CCN(/C(S)=N/c4ccc(NC(=S)N5CC5)cc4)CC3)nc(N)c2cc1OC,,CHEMBL6302
CN1CCC[C@H]1CN1CCN(Cc2ccncc2)CC1,,CHEMBL268831
CN1CCC[C@H]1CN1CCN(Cc2cccnc2)CC1,,CHEMBL267915
COc1cc2nc(N3CCN(C(=O)c4ccco4)CC3)nc(N)c2cc1OC,PRAZOSIN,CHEMBL2
COC(=O)/C=C/C=C/C(=O)N1CCN(c2nc(N)c3cc(OC)c(OC)cc3n2)CC1,,CHEMBL6306
COc1cc2nc(N3CCN(C(=O)C4OC4c4ccccc4)CC3)nc(N)c2cc1OC,,CHEMBL415103
COc1cc2nc(N3CCN(C(=O)/C=C/C(=O)c4ccccc4)CC3)nc(N)c2cc1OC,,CHEMBL6321
COc1cc2nc(N3CCN(C(=O)c4ccc5ccccc5c4)CC3)nc(N)c2cc1OC,,CHEMBL6323
COc1cc2nc(N3CCN(/C(S)=N/c4ccc(N=[N+]=[N-])cc4)CC3)nc(N)c2cc1OC,,CHEMBL6313
COc1cc2nc(N3CCN(C(=O)c4cccc(CCl)c4)CC3)nc(N)c2cc1OC,,CHEMBL266081
COc1cc2nc(N3CCN(C(=O)/C=C/c4ccc(N=C=S)cc4)CC3)nc(N)c2cc1OC,,CHEMBL6314
COc1cc2nc(N3CCN(C(=O)/C=C/c4ccc(NC(=O)CBr)cc4)CC3)nc(N)c2cc1OC,,CHEMBL6343
O=c1oc2c(O)c(O)ccc2c2ccc(O)cc12,,CHEMBL204146
O=c1oc2ccccc2c2ccccc12,,CHEMBL6355
O=c1oc2c(O)c(O)ccc2c2ccccc12,,CHEMBL6364
O=c1oc2ccccc2c2cc(O)c(O)cc12,,CHEMBL6365
O=c1oc2cc(O)c(O)cc2c2cc(O)c(O)cc12,,CHEMBL266458
COc1cc2nc(N3CCN(C(=O)COc4ccccc4)CC3)nc(N)c2cc1OC,,CHEMBL6366
CN1CCC[C@H]1c1cccnc1,NICOTINE,CHEMBL3
c1cncc([C@@H]2CCCN2)c1,NORNICOTINE,CHEMBL6200
CCC(C)(C)NC(=O)OCC1CN(C(=O)c2cc(OC)c(OC)c(OC)c2)CCN1C(=O)c1cc(OC)c(OC)c(OC)c1,,CHEMBL266886
COc1cc(C(=O)N2CCN(C(=O)c3cc(OC)c(OC)c(OC)c3)C(COC(=O)NC(C)CC(C)C)C2)cc(OC)c1OC,,CHEMBL269132
CCCC(C)NC(=O)OCC1CN(C(=O)c2cc(OC)c(OC)c(OC)c2)CCN1C(=O)c1cc(OC)c(OC)c(OC)c1,,CHEMBL269133
O=C(C1CCCCN1)N1CCN(Cc2cccnc2)CC1,SCR01020,CHEMBL6346
c1cncc(CN2CCN(C[C@@H]3CCCN3)CC2)c1,,CHEMBL414181
c1cc(CN2CCN(C[C@@H]3CCCN3)CC2)ccn1,,CHEMBL6334
O=c1oc2c(O)c(O)ccc2c2cc(F)ccc12,,CHEMBL263076
O=c1oc2c(Cl)c(Cl)ccc2c2cc(O)c(O)cc12,,CHEMBL6335
Cc1cc(O)c(O)c2oc(=O)c3ccc(F)cc3c12,,CHEMBL6336
ONC1c2cc(O)c(O)cc2-c2cc(O)c(O)cc21,,CHEMBL6353
O=C1c2cc(O)c(O)cc2-c2cc(O)c(O)cc21,,CHEMBL6345
O=c1oc2c(F)c(F)ccc2c2cc(O)c(O)cc12,,CHEMBL268770
O=c1oc2cc(O)c(O)cc2c2cc(F)ccc12,,CHEMBL6349
C[C@]12CCC3C(CC=C4C[C@@H](O)[C@H]5COC[C@]43C5)C1CC[C@@H]2OC1CC1,,CHEMBL413593
C[C@]12CCC(=O)C=C1C(=O)CC1C2CC[C@@]2(C)C1CC[C@@H]2OC1CC1,,CHEMBL267358
O=c1oc2c(O)c(O)ccc2c2cc(O)c(O)cc12,,CHEMBL6338
COc1cc(C(=O)N2CCN(C(=O)c3cc(OC)c(OC)c(OC)c3)C(COC(=O)NCC(C)(C)C)C2)cc(OC)c1OC,,CHEMBL269134
COc1cc(C(=O)N2CCN(C(=O)c3cc(OC)c(OC)c(OC)c3)C(COC(=O)NC(C)(C)C)C2)cc(OC)c1OC,,CHEMBL6359
CCCCCCCC(=O)OCC1CN(C(=O)c2cc(OC)c(OC)c(OC)c2)CCN1C(=O)c1cc(OC)c(OC)c(OC)c1,,CHEMBL6211
CCCCCCCCCC(=O)OCC1CN(C(=O)c2cc(OC)c(OC)c(OC)c2)CCN1C(=O)c1cc(OC)c(OC)c(OC)c1,,CHEMBL266184
COc1cc(C(=O)N2CCN(C(=O)c3cc(OC)c(OC)c(OC)c3)C(COC(C)=O)C2)cc(OC)c1OC,,CHEMBL6217
CCCCCCCCNC(=O)OCC1CN(C(=O)c2cc(OC)c(OC)c(OC)c2)CCN1C(=O)c1cc(OC)c(OC)c(OC)c1,,CHEMBL24879
CCCCCCCCCCCCCCCCCC(=O)OCC1CN(C(=O)c2cc(OC)c(OC)c(OC)c2)CCN1C(=O)c1cc(OC)c(OC)c(OC)c1,,CHEMBL227457
Cn1c(CC(=O)O)cc(CO)c1C(=O)c1ccc(Cl)cc1,,CHEMBL6201
COc1cc(C(=O)N2CCN(C(=O)c3cc(OC)c(OC)c(OC)c3)C(COC(=O)COc3ccc(Cl)cc3)C2)cc(OC)c1OC,,CHEMBL265773
COc1cc(C(=O)N2CCN(C(=O)c3cc(OC)c(OC)c(OC)c3)C(COC(=O)COc3ccc(F)cc3)C2)cc(OC)c1OC,,CHEMBL414696
C[C@]12CCC(=O)C=C1CCC1C2CC[C@@]2(C)C1CC[C@@H]2OC1CC1,,CHEMBL267913
CC1(C)C2=CCC3C(CC[C@@]4(C)C3CC[C@@H]4OC3CC3)[C@@]2(C)CC[C@@H]1O,,CHEMBL6245
CC1COc2c(N3CCN(C)CC3)c(F)cc3c(=O)c(C(=O)O)cn1c23,OFLOXACIN,CHEMBL4
CCn1cc(C(=O)O)c(=O)c2ccc(C)nc21,NALIDIXIC ACID,CHEMBL5
O=c1oc2c(O)c(O)cc3c(=O)oc4c(O)c(O)cc1c4c23,ELLAGIC ACID,CHEMBL6246
Cc1cc(O)c(O)c2oc(=O)c3cc(O)c(O)cc3c12,,CHEMBL6247
COc1cc(C(=O)N2CCN(C(=O)c3cc(OC)c(OC)c(OC)c3)C(COC(=O)C3CCCCC3)C2)cc(OC)c1OC,,CHEMBL268597
CCC(CC)C(=O)OCC1CN(C(=O)c2cc(OC)c(OC)c(OC)c2)CCN1C(=O)c1cc(OC)c(OC)c(OC)c1,,CHEMBL6270
CC(=O)/C=C/CC1C(=O)N2[C@@H](C(=O)O)C(C)(C)S(=O)(=O)[C@@H]12,,CHEMBL6311
C=Cn1cc(C(=O)O)c(=O)c2cc(F)c(N3CCC(CNCC)C3)c(F)c21,,CHEMBL6312
CCN(CC)CCN(Cc1ccc(-c2ccc(C(F)(F)F)cc2)cc1)C(=O)Cn1c(SCc2ccc(F)cc2)nc(=O)c2c1CCC2,DARAPLADIB,CHEMBL204021
COCCc1ccc(OCC(O)CN(CC(O)COc2ccc(CCOC)cc2)C(C)COCC(C)OCC(C)OCC(C)N(CC(O)COc2ccc(CCOC)cc2)CC(O)COc2ccc(CCOC)cc2)cc1,,CHEMBL383864
CC[C@H](NC(=O)[C@H](CC1CCCCC1)NC(=O)[C@@H](NC(=O)[C@H](CC(C)C)NC(=O)c1cnccn1)[C@@H](C)CC)C(=O)C(=O)N[C@@H](CCCCN)C(=O)O,,CHEMBL266222
CCCCCN(CCCCC)C(=O)OCC1CN(C(=O)c2cc(OC)c(OC)c(OC)c2)CCN1C(=O)c1cc(OC)c(OC)c(OC)c1,,CHEMBL6263
CCCCN(CCCC)C(=O)OCC1CN(C(=O)c2cc(OC)c(OC)c(OC)c2)CCN1C(=O)c1cc(OC)c(OC)c(OC)c1,,CHEMBL6319
CCCC(=O)OCC1CN(C(=O)c2cc(OC)c(OC)c(OC)c2)CCN1C(=O)c1cc(OC)c(OC)c(OC)c1,,CHEMBL6341
CCCN(CCC)C(=O)OCC1CN(C(=O)c2cc(OC)c(OC)c(OC)c2)CCN1C(=O)c1cc(OC)c(OC)c(OC)c1,,CHEMBL269131
CCN(CC)C(=O)OCC1CN(C(=O)c2cc(OC)c(OC)c(OC)c2)CCN1C(=O)c1cc(OC)c(OC)c(OC)c1,PMS-601,CHEMBL6322
COc1cc(NC(=O)OCC2CN(C(=O)c3cc(OC)c(OC)c(OC)c3)CCN2C(=O)c2cc(OC)c(OC)c(OC)c2)cc(OC)c1OC,,CHEMBL267357
CCC(CC)NC(=O)OCC1CN(C(=O)c2cc(OC)c(OC)c(OC)c2)CCN1C(=O)c1cc(OC)c(OC)c(OC)c1,,CHEMBL380444
CCC(C)CNC(=O)OCC1CN(C(=O)c2cc(OC)c(OC)c(OC)c2)CCN1C(=O)c1cc(OC)c(OC)c(OC)c1,,CHEMBL204022
CCCCC(CC)CNC(=O)OCC1CN(C(=O)c2cc(OC)c(OC)c(OC)c2)CCN1C(=O)c1cc(OC)c(OC)c(OC)c1,,CHEMBL6350
COc1cc(C(=O)N2CCN(C(=O)c3cc(OC)c(OC)c(OC)c3)C(COC(=O)NCCC(C)C)C2)cc(OC)c1OC,,CHEMBL6202
COc1cc(C(=O)N2CCN(C(=O)c3cc(OC)c(OC)c(OC)c3)C(COC(=O)NC(C)C(C)C)C2)cc(OC)c1OC,,CHEMBL258053
COc1cc(C(=O)N2CCN(C(=O)c3cc(OC)c(OC)c(OC)c3)C(COC(=O)c3ccccc3Cl)C2)cc(OC)c1OC,,CHEMBL6203
CCCCCC(=O)OCC1CN(C(=O)c2cc(OC)c(OC)c(OC)c2)CCN1C(=O)c1cc(OC)c(OC)c(OC)c1,,CHEMBL258253
Cc1nccn1CCCCc1ccc(CC(=O)N[C@H](CO)Cc2ccc(OCCC3CCCCC3)c(CCCN)c2)cc1,,CHEMBL263777
COc1cc(C(=O)N2CCN(C(=O)c3cc(OC)c(OC)c(OC)c3)C(COC(=O)C(C)(C)C)C2)cc(OC)c1OC,,CHEMBL268596
COc1ccc2c(c1)c(CC(=O)O)c(C)n2C(=O)c1ccc(Cl)cc1,INDOMETHACIN,CHEMBL6
O=C(C1CCCCN1)N1CCN(Cc2ccncc2)CC1,,CHEMBL266220
O=C(C1CCCCN1)N1CCN(Cc2ccccn2)CC1,,CHEMBL6233
O=C([C@@H]1CCCN1)N1CCN(Cc2cccnc2)CC1,,CHEMBL6234
O=C([C@@H]1CCCN1)N1CCN(Cc2ccccn2)CC1,,CHEMBL268598
COc1cc(C(=O)N2CCN(C(=O)c3cc(OC)c(OC)c(OC)c3)C(COC(=O)CC(C)(C)C)C2)cc(OC)c1OC,,CHEMBL6232
C[C@]12CC[C@H](O)CC1=CCC1C2CC[C@@]2(C)C1CC[C@@H]2OC1CC1,,CHEMBL6253
C[C@]12CCC3C(CCC4=CC(=O)[C@H]5COC[C@]43C5)C1CC[C@@H]2OC1CC1,,CHEMBL414006
CCC(CC)C(=O)OCC1CN(Cc2cc(OC)c(OC)c(OC)c2)CCN1Cc1cc(OC)c(OC)c(OC)c1,,CHEMBL414007
COc1cc(N2CCN(c3cc(OC)c(OC)c(OC)c3)CC2)cc(OC)c1OC,,CHEMBL267229
COc1cc(C(=O)N2CCN(C(=O)c3cc(OC)c(OC)c(OC)c3)CC2)cc(OC)c1OC,,CHEMBL6244
Cc1nccn1CCCCc1ccc(CC(=O)N[C@H](CO)Cc2ccc(OCCC3CCCCC3)c(CCCCN)c2)cc1,,CHEMBL6227
Cc1nccn1CCCCc1ccc(CC(=O)N[C@@H](CO)Cc2ccc(OCCC3CCCCC3)c(CCCN)c2)cc1,,CHEMBL6242
CCCCNC(=O)OCC1CN(C(=O)c2cc(OC)c(OC)c(OC)c2)CCN1C(=O)c1cc(OC)c(OC)c(OC)c1,,CHEMBL269340
N[C@@H](CCC(=O)Nc1ccc([N+](=O)[O-])cc1)C(=O)O,,CHEMBL6251
COC(=O)[C@@H](N)CO,,CHEMBL440577
Cl.N[C@@H](CNC(=O)Nc1ccc([N+](=O)[O-])cc1)C(=O)O,,CHEMBL263074
COC(=O)[C@@H](N)COC(=O)Nc1ccc([N+](=O)[O-])cc1.Cl,,CHEMBL6267
COC(=O)[C@@H](N)CCC(=O)Nc1ccc([N+](=O)[O-])cc1.Cl,,CHEMBL6285
CON(C)C(=O)/C=C/CC1C(=O)N2[C@@H]1[S+]([O-])C(C)(C)[C@@H]2C(=O)O,,CHEMBL267627
CC1(C)[C@H](C(=O)O)N2C(=O)C(C/C=C/C=O)[C@H]2S1(=O)=O,,CHEMBL6286
CC1(C)[C@H](C(=O)O)N2C(=O)C[C@H]2S1(=O)=O,SULBACTAM,CHEMBL403
CCNCC1CCN(c2c(F)cc3c(=O)c(C(=O)O)cn(OC)c3c2F)C1,,CHEMBL6289
CCNCC1CCN(c2c(F)cc3c(=O)c(C(=O)O)cn(C4CC4C)c3c2F)C1,,CHEMBL6282
CC(C)C[C@H](NC(=O)[C@H](C)N)C(=O)N[C@@H](Cc1ccc(O)cc1)C(=O)N[C@@H](C)C(=O)N[C@@H](CO)C(=O)N[C@@H](CCCCN)C(=O)N[C@@H](CC(C)C)C(=O)N[C@@H](CO)C(N)=O,,CHEMBL448105
Cc1nccn1CCCCc1ccc(CC(=O)N[C@@H](CO)C(=O)N[C@@H](CCCCN)C(=O)NCCC2CCCCC2)cc1,SC-58272,CHEMBL6269
COC(=O)[C@@H](N)CNC(=O)Nc1ccc([N+](=O)[O-])cc1.Cl,,CHEMBL6300
CC(=O)/C=C/CC1C(=O)N2[C@@H](C(=O)O)C(C)(C)S(=O)(=O)[C@H]12,,CHEMBL6301
COC(=O)/C=C/CC1C(=O)N2[C@@H](C(=O)O)C(C)(C)S(=O)(=O)[C@H]12,,CHEMBL6309
CCNCC1CCN(c2c(F)cc3c(=O)c(C(=O)O)cn(C(C)C)c3c2F)C1,,CHEMBL265664
CCNCC1CCN(c2c(F)cc3c(=O)c(C(=O)O)cn(C4CCCC4)c3c2F)C1,,CHEMBL6265
CCNCC1CCN(c2c(F)cc3c(=O)c(C(=O)O)cn(-c4ccc(F)cc4)c3c2F)C1,,CHEMBL268887
CN1CCN(c2cc3c(cc2F)c(=O)c(C(=O)O)cn3-c2ccc(F)cc2)CC1,DIFLOXACIN,CHEMBL6259
C[C@]1(Cn2ccnn2)[C@H](C(=O)O)N2C(=O)C[C@H]2S1(=O)=O,TAZOBACTAM,CHEMBL404
CC1(C)[C@H](C(=O)O)N2C(=O)[C@@H](Cc3cn(CC4CCCN4)nn3)[C@H]2S1(=O)=O,,CHEMBL6261
CC1(C)[C@H](C(=O)O)N2C(=O)[C@@H](Cc3cn(-c4ccc(O)cc4)nn3)[C@H]2S1(=O)=O,,CHEMBL6281
CN1CCN(c2c(F)cc3c(=O)c(C(=O)O)cn(CCF)c3c2F)CC1,FLEROXACIN,CHEMBL6273
CCNCC1CCN(c2c(F)cc3c(=O)c(C(=O)O)cn(C)c3c2F)C1,,CHEMBL6287
CCNCC1CCN(c2c(F)cc3c(=O)c(C(=O)O)cn(C4CCCCC4)c3c2F)C1,,CHEMBL267628
Cn1cc(C2=C(c3cn(CCCSC(=N)N)c4ccccc34)C(=O)NC2=O)c2ccccc21,BISINDOLYLMALEIMIDE IX,CHEMBL6291
CC1(C)[C@H](C(=O)O)N2C(=O)[C@@H](Cc3cn(-c4ccc(F)cc4)nn3)[C@H]2S1(=O)=O,,CHEMBL6292
CC1(C)[C@H](C(=O)O)N2C(=O)[C@@H](Cc3cn(-c4ccc(N)cc4)nn3)[C@H]2S1(=O)=O,,CHEMBL267863
CC1(C)[C@H](C(=O)O)N2C(=O)[C@@H](Cc3cn(CC(N)Cc4ccc(O)cc4)nn3)[C@H]2S1(=O)=O,,CHEMBL263882
Cn1cc(C2=C(c3cn(CCC[N+](C)(C)C)c4ccccc34)C(=O)NC2=O)c2ccccc21,,CHEMBL6331
Cn1cc(C2=C(c3cn(CCCCC(=N)N)c4ccccc34)C(=O)NC2=O)c2ccccc21,,CHEMBL6332
CN(C)CCCn1cc(C2=C(c3cn(C)c4ccccc34)C(=O)NC2=O)c2ccccc21,,CHEMBL268769
Cn1cc(C2=C(c3cn(CCCN)c4ccccc34)C(=O)NC2=O)c2ccccc21,,CHEMBL269264
CCNCC1CCN(c2c(F)cc3c(=O)c(C(=O)O)cn(CC)c3c2F)C1,MERAFLOXACIN,CHEMBL6209
CCNCC1CCN(c2c(F)cc3c(=O)c(C(=O)O)cn(C4CC4)c3c2F)C1,PD-117558,CHEMBL6210
Cn1cc(C2=C(c3cn(CCCN=C(N)N)c4ccccc34)C(=O)NC2=O)c2ccccc21,,CHEMBL267386
CC1(C)[C@H](C(=O)O)N2C(=O)[C@@H](Cc3cn(-c4ccccc4)nn3)[C@H]2S1(=O)=O,,CHEMBL6220
CC1(C)[C@H](C(=O)O)N2C(=O)C(C/C=C/C#N)[C@@H]2S1(=O)=O,,CHEMBL267626
COC(=O)/C=C/CC1C(=O)N2[C@@H](C(=O)O)C(C)(C)S(=O)(=O)[C@@H]12,,CHEMBL6221
CCNCC1CCN(c2c(F)cc3c(=O)c(C(=O)O)cn(CC(F)(F)F)c3c2F)C1,,CHEMBL265663
Cn1cc(C2=C(c3cn(CCO)c4ccccc34)C(=O)NC2=O)c2ccccc21,,CHEMBL268292
Cn1cc(C2=C(c3cn(CCCO)c4ccccc34)C(=O)NC2=O)c2ccccc21,,CHEMBL6205
Cn1cc(C2=C(c3cn(CCCCO)c4ccccc34)C(=O)NC2=O)c2ccccc21,,CHEMBL441172
Cn1cc(C2=C(c3cn(CCCCCO)c4ccccc34)C(=O)NC2=O)c2ccccc21,,CHEMBL6199
CNCCCn1cc(C2=C(c3cn(C)c4ccccc34)C(=O)NC2=O)c2ccccc21,,CHEMBL429244
COc1ccc(-c2c(-c3ccccn3)nc3n2CCC3)cc1,,CHEMBL6204
CCc1cc2c(Sc3nnc(N)s3)ncnc2s1,,CHEMBL6229
CNn1cc(C(=O)O)c(=O)c2cc(F)c(N3CCN(C)CC3)cc21,AMIFLOXACIN,CHEMBL6231
CCc1cc2c(O)ncnc2s1,,CHEMBL6215
Cn1cc(C2=C(c3cn(CCCCCN)c4ccccc34)C(=O)NC2=O)c2ccccc21,,CHEMBL6235
Cn1cc(C2=C(c3cn(CCCCN)c4ccccc34)C(=O)NC2=O)c2ccccc21,,CHEMBL266483
O=C(O)c1cn(C2CC2)c2cc(N3CCNCC3)c(F)cc2c1=O,CIPROFLOXACIN,CHEMBL8
C1=C(c2ccccc2)CCNC1,,CHEMBL6224
CCNCC1CCN(c2c(F)cc3c(=O)c(C(=O)O)cn(CC4CC4)c3c2F)C1,,CHEMBL6225
CCNCC1CCN(c2c(F)cc3c(=O)c(C(=O)O)cn(NC)c3c2F)C1,,CHEMBL6256
C[N+]1([O-])CC=C(c2ccccc2)CC1,,CHEMBL267230
CCn1cc(C(=O)O)c(=O)c2cc(F)c(N3CCNCC3)cc21,NORFLOXACIN,CHEMBL9
Cn1cc(C2=C(c3cn(CCCCSC(=N)N)c4ccccc34)C(=O)NC2=O)c2ccccc21,,CHEMBL268888
CCNCC1CCN(c2c(F)cc3c(=O)c(C(=O)O)cn(CCF)c3c2F)C1,,CHEMBL415287
O=C(O)c1ccc(-c2nc(-c3ccc4c(c3)OCO4)c(-c3ccccn3)[nH]2)cc1,,CHEMBL6250
C[S+]([O-])c1ccc(-c2nc(-c3ccc(F)cc3)c(-c3ccncc3)[nH]2)cc1,SB-203580,CHEMBL10
c1ccc(-c2nc3n(c2-c2ccc4c(c2)OCO4)CCC3)nc1,,CHEMBL268889
Fc1ccc(-c2c(-c3ccccn3)nc3n2CCS3)cc1,,CHEMBL266706
Fc1ccc(-c2c(-c3ccccn3)nc3n2CCC3)cc1,,CHEMBL6304
Fc1ccc(-c2c(-c3ccncc3)nc3n2CCS3)cc1,,CHEMBL266707
Fc1ccc(-c2c(-c3cccnc3)nc3n2CCC3)cc1,,CHEMBL6294
CCNCC1CCN(c2c(F)cc3c(=O)c(C(=O)O)cn(-c4nccs4)c3c2F)C1,,CHEMBL6299
CCNCC1CCN(c2c(F)cc3c(=O)c(C(=O)O)cn(-c4ccccc4)c3c2F)C1,,CHEMBL263075
CCNCC1CCN(c2c(F)cc3c(=O)c(C(=O)O)cn(C4CCC4)c3c2F)C1,,CHEMBL6262
CCNCC1CCN(c2c(F)cc3c(=O)c(C(=O)O)cn(C4(C)CC4)c3c2F)C1,,CHEMBL6276
Cn1cc(C2=C(c3cn(CCC/N=C(\N)N[N+](=O)[O-])c4ccccc34)C(=O)NC2=O)c2ccccc21,,CHEMBL6279
CCc1cc2c(Cl)ncnc2s1,,CHEMBL269056
CCc1cc2c(Sc3nnc(C)s3)ncnc2s1,,CHEMBL267127
CCc1cc2c(Nc3nnc(C)s3)ncnc2s1,,CHEMBL269495
Cc1ccc(Sc2cncc3sc(C(N)=O)cc23)cc1,,CHEMBL267678
Cc1ccc(Sc2ccnc3sc(C(N)=O)cc23)cc1,,CHEMBL267914
COc1ccc2sc(C(N)=O)c(OC(C)C)c2c1,,CHEMBL6248
O=C(O)c1ccc(-c2nc(-c3ccc(F)cc3)c(-c3ccccn3)[nH]2)cc1,,CHEMBL269339
N#Cc1ccc(-c2nc(-c3ccc4c(c3)OCO4)c(-c3ccccn3)[nH]2)cc1,,CHEMBL269341
NC(=O)c1ccc(-c2nc(-c3ccccn3)c(-c3ccc4c(c3)OCO4)[nH]2)cc1,SB-431542,CHEMBL440084
OCc1ccc(-c2nc(-c3ccccn3)c(-c3ccc4c(c3)OCO4)[nH]2)cc1,,CHEMBL267228
O=C(O)c1ccc(-c2nc(-c3ccc(F)cc3)c(-c3ccncc3)[nH]2)cc1,,CHEMBL6252
Cn1cc(C2=C(c3cn(CCN)c4ccccc34)C(=O)NC2=O)c2ccccc21,,CHEMBL268529
Cn1cc(C2=C(c3cn(CCSC(=N)N)c4ccccc34)C(=O)NC2=O)c2ccccc21,,CHEMBL267126
Cn1cc(C2=C(c3cn(CCCCCSC(=N)N)c4ccccc34)C(=O)NC2=O)c2ccccc21,,CHEMBL6274
Cc1ccc(Sc2cncc3sc(CO)cc23)cc1,,CHEMBL268530
Cc1cc(C)cc(Sc2cncc3sc(C(N)=O)cc23)c1,,CHEMBL6275
Cc1ccc(Sc2cncc3sc(C(N)=O)cc23)cc1C,,CHEMBL267125
Cc1cccc(Sc2cncc3sc(C(N)=O)cc23)c1,,CHEMBL269497
Cc1ccccc1Sc1cncc2sc(C(N)=O)cc12,,CHEMBL6278
NC(=O)c1cc2c(Sc3ccccc3)cncc2s1,,CHEMBL267456
Cc1ccc(Sc2cncc3sc(/C=N/OCC(=O)O)cc23)cc1,,CHEMBL6316
Cc1ccc(Sc2cncc3sc(/C=N/OCc4ccccc4)cc23)cc1,,CHEMBL6324
Cc1ccc(Sc2cncc3sc(/C=N/Oc4ccccc4)cc23)cc1,,CHEMBL6249
Cc1ccc(Sc2cncc3sc(/C=N/O)cc23)cc1,,CHEMBL6258
NC(=O)c1cc2c(Cl)cncc2s1,,CHEMBL6257
C/C(=N\O)c1cc2c(Sc3ccc(C)cc3)cncc2s1,,CHEMBL262570
Cc1ccc(Sc2cncc3sc(/C=N/OCC(N)=O)cc23)cc1,,CHEMBL6264
C#CCN(Cc1ccc2nc(C)nc(O)c2c1)c1ccc(C(=O)N[C@@H](C(=O)O)c2cccc([N+](=O)[O-])c2)cc1,,CHEMBL6636
Cc1ccc(Sc2cncc3sc(C(=O)NN)cc23)cc1,,CHEMBL269598
COC(=O)c1cc2c(Sc3ccc(C)cc3)cncc2s1,,CHEMBL6369
Cc1ccc(Sc2cncc3sc(C(=O)O)cc23)cc1,,CHEMBL6370
Cc1ccc(Sc2cncc3sc(C(=O)c4ccccc4)cc23)cc1,,CHEMBL6371
CC(=O)c1cc2c(Sc3ccc(C)cc3)cncc2s1,,CHEMBL266708
Cc1ccc(Sc2cncc3sc(C=O)cc23)cc1,,CHEMBL6381
Cc1ccc(Sc2cncc3sc(C(=O)N=C(N)N)cc23)cc1,,CHEMBL266460
Cc1ccc(Sc2cncc3sc(C(=O)NCCCN4CCOCC4)cc23)cc1,,CHEMBL6762
CCc1cc2c(Sc3ccc(C)cc3)cncc2s1,,CHEMBL266197
CONC(=O)c1cc2c(Sc3ccc(C)cc3)cncc2s1,,CHEMBL269075
CON(C)C(=O)c1cc2c(Sc3ccc(C)cc3)cncc2s1,,CHEMBL6517
NC(=O)c1cc2c(Sc3ccccn3)cncc2s1,,CHEMBL263080
NC(=O)c1cc2c(Sc3ccc(-c4ccccc4)cc3)cncc2s1,,CHEMBL6534
COc1ccc(Sc2cncc3sc(C(N)=O)cc23)cc1,,CHEMBL263081
NC(=O)c1cc2c(Sc3ccc(Br)cc3)cncc2s1,,CHEMBL266198
NC(=O)c1cc2c(Sc3ccc(Cl)c(Cl)c3)cncc2s1,,CHEMBL6612
NC(=O)c1cc2c(Sc3ccc(Cl)cc3)cncc2s1,,CHEMBL268567
Cc1ccc(Sc2cncc3sc(C(=O)NCC(O)CO)cc23)cc1,,CHEMBL428508
Cc1ccc(Sc2cncc3sc(C(=O)Nc4ccc(Cl)cc4)cc23)cc1,,CHEMBL6417
Cc1ccc(Sc2cncc3sc(C(=N)S)cc23)cc1,,CHEMBL266429
CCC(c1cc(Br)c(O)c(Br)c1)C(CC)c1cc(Br)c(O)c(Br)c1,,CHEMBL6490
CC(=O)OC1CC2(O)C3CCC4CC(OC=O)CCC4(C)C3CCC2(C)[C@H]1C1=CC(=O)OC1,,CHEMBL414201
COc1ccc2c(c1)[nH]c1c(C)nccc12,HARMINE,CHEMBL269538
Brc1cccc2c3c([nH]c12)CNCC3,,CHEMBL6857
Brc1cccc2c3c([nH]c12)C=NCC3,,CHEMBL6746
CC(C)C[C@H](NC(=O)[C@@H](NC(=O)[C@H](Cc1c[nH]c2ccccc12)NC(=O)[C@H]1CCCN1C(=O)C(CCCCN)CCCCN)C(C)(C)C)C(=O)O,,CHEMBL6505
CN[C@@H](CCCNC(=N)N)C(=O)N[C@@H](CCCCN)C(=O)N1CCC[C@H]1C(=O)N[C@@H](Cc1c[nH]c2ccccc12)C(=O)N[C@H](C(=O)N[C@@H](CC(C)C)C(=O)O)C(C)(C)C,,CHEMBL266571
Cc1ccc(Sc2cncc3sccc23)cc1,,CHEMBL266572
CC(=O)OC1CCC2(C)C(CCC3C2CCC2(C)[C@H](C4=CC(=O)OC4)C(=O)CC32O)C1,,CHEMBL6558
CCC(c1ccc(O)cc1)C(CC)c1ccc(O)c(F)c1,,CHEMBL6404
COc1ccc2[nH]c3c(c2c1)CCN=C3,,CHEMBL6717
C/N=C(/NC(N)=O)NC1c2cc(C#N)ccc2OC(C)(C)[C@H]1O,,CHEMBL6532
COC(=O)OC1CCC2(C)C(CCC3C2CCC2(C)[C@@H](C4=CC(=O)OC4)C(O)CC32O)C1,,CHEMBL427969
CN(C)c1cccc2c(S(=O)(=O)Nc3ncc(Br)nc3O)cccc12,,CHEMBL6647
Cc1c(C)c2c(c(C)c1OCc1ccccc1)CCC(C)(CN(C)CCOc1ccc(/C=C3\SC(=O)NC3=O)cc1)O2,,CHEMBL6514
C#CCN(Cc1cc2c(O)nc(C)nc2cc1C)c1ccc(C(=O)NCc2cncs2)c(F)c1,,CHEMBL266066
CNC(=N)NCCCC(N)P(=O)(O)O,,CHEMBL6398
C/N=C(/NC(C)=O)NC1c2cc(C#N)ccc2OC(C)(C)[C@H]1O,,CHEMBL269002
C#CCN(Cc1cc2c(O)nc(C)nc2cc1C)c1ccc(C(=O)NCc2cccc(C#N)c2)c(F)c1,,CHEMBL264095
COc1nc(Br)cnc1NS(=O)(=O)c1cccc2ccccc12,,CHEMBL6576
COc1cccc2[nH]c3c(c12)CCN=C3,,CHEMBL6591
COc1cccc2[nH]c3c(c12)CCNC3,,CHEMBL6586
C#CCN(Cc1cc2c(O)nc(C)nc2cc1C)c1ccc(C(=O)NCc2nccs2)c(F)c1,,CHEMBL268151
NC(N)=NCCCC(N)P(=O)(O)O,,CHEMBL6388
NC(N)=NCCCC(N)[PH](=O)O,,CHEMBL6401
Cc1ccc([S+]([O-])c2cncc3sc(C(N)=O)cc23)cc1,,CHEMBL6320
NC(=O)Sc1cncc2sc(C(N)=O)cc12,,CHEMBL268667
NC(=O)c1cc2c(SCc3ccc(Cl)cc3)cncc2s1,,CHEMBL269570
COc1ccc2c3c([nH]c2c1)CNCC3,,CHEMBL6310
COc1cccc2c3c([nH]c12)CNCC3,,CHEMBL269571
C#CCN(Cc1ccc2nc(C)nc(O)c2c1)c1ccc(C(=O)NCc2cccc([N+](=O)[O-])c2)cc1,,CHEMBL6325
NC(=O)c1cc2c(SC3CCCCC3)cncc2s1,,CHEMBL268099
Cc1occc1Sc1cncc2sc(C(N)=O)cc12,,CHEMBL267938
Cc1nnc(Sc2cncc3sc(C(N)=O)cc23)s1,,CHEMBL268070
C#CCN(Cc1ccc2nc(C)nc(O)c2c1)c1ccc(C(=O)NCc2ccccc2)cc1,,CHEMBL6829
Cc1ccc(Sc2cncc3sc(C(N)=O)cc23)c(C)c1,,CHEMBL6830
CCOC(=O)[C@H](CC(C)C)NC(=O)[C@@H](NC(=O)[C@H](Cc1c[nH]c2ccccc12)NC(=O)[C@H]1CCCN1C(=O)[C@H](CCCCN)NC[C@@H](N)CCCN=C(N)N)C(C)(C)C,,CHEMBL268600
CCOC(=O)[C@H](CC(C)C)NC(=O)[C@@H](NC(=O)[C@H](Cc1c[nH]c2ccccc12)NC(=O)[C@H]1CCCN1C(=O)[C@H](CCCCN)NC[C@@H](N)CCCCN)C(C)(C)C,,CHEMBL6562
CC12CCC(OC=O)CC1CCC1C2CCC2(C)[C@@H](C3=CC(=O)OC3)C(O)CC12O,,CHEMBL6383
CCC(c1ccc(O)c(F)c1)C(CC)c1ccc(O)c(F)c1,,CHEMBL415107
CCC(c1ccc(O)cc1)C(CC)c1ccc(O)c(I)c1,,CHEMBL267937
CN(C(=O)[C@H](Cc1ccc(CN)cc1)NS(=O)(=O)c1ccc2ccccc2c1)C1CCCC1,,CHEMBL266196
Cc1ccc(Sc2cccc3sc(C(N)=O)cc23)cc1,,CHEMBL6442
COC(=O)OC1CCC2(C)C(CCC3C2CCC2(C)[C@@H](C4=CC(=O)OC4)C(OC(=O)OC)CC32O)C1,,CHEMBL268149
C#CCN(Cc1ccc2nc(C)nc(O)c2c1)c1ccc(C(=O)NCC)cc1,,CHEMBL6307
CCC(c1ccc(O)c(I)c1)C(CC)c1ccc(O)c(I)c1,,CHEMBL6295
CN(C)c1cccc2c(S(=O)(=O)Nc3ncc(Br)nc3C#N)cccc12,,CHEMBL6296
CNC(=N)NCCCC(N)[PH](=O)O,,CHEMBL6305
C1=NCCc2c1[nH]c1ccccc21,,CHEMBL266221
CN(C)c1cccc2c(S(=O)(=O)Nc3ccc(Br)nn3)cccc12,,CHEMBL6297
CN(C)c1cccc2c(S(=O)(=O)Nc3ccc(Cl)nn3)cccc12,,CHEMBL6761
CC(C)C[C@H](NC(=O)[C@@H](NC(=O)[C@H](Cc1c[nH]c2ccccc12)NC(=O)[C@@H]1CCCN1C(=O)[C@@H](N)CCCCN)C(C)(C)C)C(=O)O,,CHEMBL380726
CCC(c1ccc(O)c(Br)c1)C(CC)c1cc(Br)c(O)c(Br)c1,,CHEMBL6516
N/C(=N/CCCC(N)P(=O)(O)O)N[N+](=O)[O-],,CHEMBL269057
Brc1cccc2[nH]c3c(c12)CCNC3,,CHEMBL6426
Brc1ccc2[nH]c3c(c2c1)CCNC3,,CHEMBL6427
CC(C)C[C@H](NC(=O)[C@@H](NC(=O)[C@H](Cc1c[nH]c2ccccc12)NC(=O)[C@H]1CCCN1C(=O)C(CCCN=C(N)N)CCCN=C(N)N)C(C)(C)C)C(=O)O,,CHEMBL6716
CC[C@H](C)[C@H](NC(=O)[C@H](Cc1c[nH]c2ccccc12)NC(=O)[C@H]1CCCN1C(=O)[C@H](CCCCN)NC[C@@H](N)CCCCN)C(=O)N[C@@H](CC(C)C)C(=O)O,,CHEMBL427604
CCOC(=O)[C@H](CC(C)C)NC(=O)[C@@H](NC(=O)[C@H](Cc1c[nH]c2ccccc12)NC(=O)[C@H]1CCCN1C(=O)[C@H](CCCCN)NCCCCCCN)C(C)(C)C,,CHEMBL265671
CNc1cccc2c(S(=O)(=O)Nc3ncc(Br)nc3OC)cccc12,,CHEMBL6555
COc1nc(C)cnc1NS(=O)(=O)c1cccc2c(N(C)C)cccc12,,CHEMBL268174
CC(C)[C@@H]1NC(=O)CNC(=O)[C@H](CO)NC(=O)[C@@H]2CS[C@H]3CC[C@H](NC(=O)[C@@H](O)NC(=O)CNC(=O)[C@@H](C(C)C)NC(=O)[C@H](CC(=O)O)NC(=O)CNC(=O)[C@H](CCCN=C(N)N)NC(=O)[C@@H](C)NC1=O)C(=O)N32,,CHEMBL385851
N/C(=N/CCCC(N)[PH](=O)O)N[N+](=O)[O-],,CHEMBL6573
COc1cc(Br)c2c3c([nH]c2c1)CNCC3,,CHEMBL268691
CCC(c1ccc(O)c(I)c1)C(CC)c1cc(I)c(O)c(I)c1,,CHEMBL414199
Brc1ccc2c3c([nH]c2c1)CNCC3,,CHEMBL441891
Cn1c2c(c3ccccc31)CCNC2,,CHEMBL263883
Cc1ccc(Sc2nccc3sc(C(N)=O)cc23)cc1,,CHEMBL266798
CCc1cc2c(NCc3ccccc3)ncnc2s1,,CHEMBL6430
CCc1cc2c(Sc3ccccn3)ncnc2s1,,CHEMBL266799
Brc1ccc2c3c([nH]c2c1)C=NCC3,,CHEMBL428999
Brc1ccc2[nH]c3c(c2c1)CCN=C3,,CHEMBL6626
C#CCN(Cc1cc2c(O)nc(C)nc2cc1C)c1ccc(C(=O)NCc2ccccn2)c(F)c1,,CHEMBL6632
CNC(=O)NC1c2cc(C#N)ccc2OC(C)(C)[C@H]1O,,CHEMBL267036
C/N=C(/NC#N)NC1c2cc(C#N)ccc2OC(C)(C)[C@H]1O,,CHEMBL265621
Cn1c2c(c3ccccc31)CCNCC2,PNU-22394,CHEMBL6557
CC(C)C[C@H](NC(=O)[C@@H](NC(=O)[C@H](Cc1c[nH]c2ccccc12)NC(=O)[C@H]1CCCN1C(=O)C(CCCN)CCCN)C(C)(C)C)C(=O)O,,CHEMBL427956
c1ccc2c3c([nH]c2c1)CNCC3,TRYPTOLINE,CHEMBL269236
CC1OC(n2cc(F)c(=O)[nH]c2=O)C(O)C1O,,CHEMBL6567
C[C@]12CCC3c4ccc(O)cc4CCC3C1CC[C@@H]2O,,CHEMBL6386
C#CCN(Cc1ccc2nc(C)nc(O)c2c1)c1ccc(C(=O)NCc2nccs2)cc1,,CHEMBL267702
CN/C(=N/C1=CC(C)(C)Oc2ccc(C#N)cc21)NC#N,,CHEMBL6384
CSc1ccc(CC(C)N)cc1,4-METHYLTHIOAMPHETAMINE,CHEMBL6467
C#CCN(Cc1cc2c(O)nc(C)nc2cc1C)c1ccc(C(=O)N[C@H](CCC(=O)O)C(=O)O)c(F)c1,,CHEMBL414012
c1ccc2c3c([nH]c2c1)CCNC3,,CHEMBL269074
Cc1ccc(NS(=O)(=O)c2cccc3c(N(C)C)cccc23)nn1,,CHEMBL268387
O=C1N(CN2CCCCC2)c2ccccc2C12SCCS2,,CHEMBL6389
O=C1Nc2ccccc2C12OCCCO2,,CHEMBL6390
C#CCN(Cc1ccc2nc(C)nc(O)c2c1)c1ccc(C(=O)N[C@@H](C(=O)O)c2ccccc2)cc1,,CHEMBL266956
CC1OC(OC2CCC3(C)C(CCC4C3CCC3(C)[C@@H](C5=CC(=O)OC5)C(OC=O)CC43O)C2)CC(O)C1O,,CHEMBL441173
NCc1c[nH]c2ccccc12,,CHEMBL6509
COc1nc(Cl)cnc1NS(=O)(=O)c1cccc2c(N(C)C)cccc12,,CHEMBL6412
COc1cc(CC(C)N)c(OC)cc1I,,CHEMBL6616
CCC(Cc1ccc2c(c1)OCO2)NC,,CHEMBL268689
CCC(c1cc(I)c(O)c(I)c1)C(CC)c1cc(I)c(O)c(I)c1,,CHEMBL6472
Brc1cccc2[nH]c3c(c12)CCN=C3,,CHEMBL267599
C#CCN(Cc1ccc2nc(C)nc(O)c2c1)c1ccc(C(=O)N[C@@H](C(=O)O)c2cccc(O)c2)cc1,,CHEMBL6639
NCCc1c[nH]c2ccccc12,TRYPTAMINE,CHEMBL6640
C#CCN(Cc1ccc2nc(C)nc(O)c2c1)c1ccc(C(=O)NCc2ccc(Cl)cc2)cc1,,CHEMBL268854
CCc1cc2c(Sc3ccc(C)cc3)ncnc2s1,,CHEMBL6523
CCc1cc2c(SCc3ccccc3)ncnc2s1,,CHEMBL266064
NCC(=O)N[C@@H](CCCN=C(N)N)C(=O)NCC(=O)N[C@@H](CC(=O)O)C(=O)N[C@@H](CO)C(=O)N1CCC[C@H]1C(=O)O,,CHEMBL6602
CC(C)C[C@H](NC(=O)[C@@H](NC(=O)[C@H](Cc1ccc(O)cc1)NC(=O)[C@H]1CCCN1C(=O)[C@H](CCCCN)NC[C@@H](N)CCCCN)C(C)(C)C)C(=O)O,,CHEMBL6508
CC(C)C[C@H](NC(=O)[C@@H](NC(=O)[C@H](Cc1c[nH]c2ccccc12)NC(=O)[C@H]1CCCN1C(=O)[C@H](CCCCN)NC[C@@H](N)CCCCN)C(C)(C)C)C(=O)O,,CHEMBL269601
CC(C)C[C@H](NC(=O)[C@@H](NC(=O)[C@H](Cc1c[nH]c2ccccc12)NC(=O)[C@H]1CCCN1C(=O)[C@H](CCCCN)NC[C@@H](N)CCCN=C(N)N)C(C)(C)C)C(=O)O,,CHEMBL267459
COc1cccc2c3c([nH]c12)C=NCC3,,CHEMBL269367
COc1ccc2c3c([nH]c2c1)C=NCC3,CGS-19281A,CHEMBL6409
COc1ccc2[nH]c3c(c2c1)CCNC3,,CHEMBL266084
C#CCN(Cc1ccc2nc(C)nc(O)c2c1)c1ccc(C(=O)NCC(=O)O)cc1,,CHEMBL6560
C#CCN(Cc1ccc2nc(C)nc(O)c2c1)c1ccc(C(=O)NCc2cccc(C#N)c2)cc1,,CHEMBL268100
O=C1Nc2ccc(Br)cc2C12SCCS2,,CHEMBL6548
O=C1Nc2ccc(Cl)cc2C12OCCS2,,CHEMBL6561
C#CCN(Cc1cc2c(O)nc(C)nc2cc1C)c1ccc(C(=O)NCc2cccc([N+](=O)[O-])c2)c(F)c1,,CHEMBL268453
C[C@]1(/C=C/C#N)[C@H](C(=O)[O-])N2C(=O)C[C@H]2S1(=O)=O.[Na+],Ro-481220,CHEMBL6461
C#CCN(Cc1cc2c(O)nc(C)nc2cc1C)c1ccc(C(=O)N[C@@H](C(=O)O)C(C)C)c(F)c1,,CHEMBL6715
O=C1Nc2c(C(F)(F)F)cccc2C12OCCO2,,CHEMBL266316
CC1OC(OC2CCC3(C)C(CCC4C3CCC3(C)[C@@H](C5=CC(=O)OC5)C(O)CC43O)C2)CC(O)C1O,,CHEMBL6402
CC1OC(OC2C(O)CC(OC3CCC4(C)C(CCC5C4CCC4(C)[C@@H](C6=CC(=O)OC6)C(O)CC54O)C3)OC2C)CC(O)C1O,,CHEMBL267703
Cc1c(CC(C)N)ccc2c1OCO2,,CHEMBL6391
Cc1cc(CC(C)N)cc2c1OCO2,,CHEMBL6330
C#CCN(Cc1ccc2nc(C)nc(O)c2c1)c1ccc(C(=O)N[C@H](Cc2ccc([N+](=O)[O-])cc2)C(=O)O)cc1,,CHEMBL268629
CN(C)c1cccc2c(S(=O)(=O)Nc3ncc(Br)nc3OCc3ccccc3)cccc12,,CHEMBL6506
CCOc1nc(Br)cnc1NS(=O)(=O)c1cccc2c(N(C)C)cccc12,,CHEMBL6588
NC(=O)c1cc2c(Sc3ccc(C(F)(F)F)cc3)cncc2s1,,CHEMBL6542
COc1ccc2c(c1)[nH]c1cnccc12,,CHEMBL6470
COCCNC(=O)C1CCN(c2nc(N)c3cc(OC)c(OC)cc3n2)CC1,,CHEMBL267164
CCN(CC)C(=O)C1CCCN(c2nc(N)c3cc(OC)c(OC)cc3n2)C1,,CHEMBL6831
C#CCN(Cc1ccc2nc(C)nc(O)c2c1)c1ccc(C(=O)NCc2cscn2)cc1,,CHEMBL269342
C#CCN(Cc1ccc2nc(C)nc(O)c2c1)c1ccc(C(=O)NCc2ccsc2)cc1,,CHEMBL6317
CCCCNC(=O)CCC1CCN(c2nc(N)c3cc(OC)c(OC)cc3n2)CC1,,CHEMBL267457
Cc1noc(NS(=O)(=O)c2cccc3c(N(C)C)cccc23)c1C,BMS-182874,CHEMBL267458
CC/C(=C(\c1ccc(I)cc1)c1ccc(OCCN2CCCC2)cc1)c1ccccc1,IDOXIFENE,CHEMBL6318
CC/C(=C(\c1ccc(I)cc1)c1ccc(OCCCCCN2CCCC2)cc1)c1ccccc1,,CHEMBL268389
CC/C(=C(\c1ccc(I)cc1)c1ccc(OCCCCCCCCCCN2CCCC2)cc1)c1ccccc1,,CHEMBL6547
COc1ccc(C2CN3CCN(C)CC3c3ccccc32)cc1,,CHEMBL6446
Cc1c(C)c2c(c(C)c1OCc1ccccc1)C(CN(C)CCOc1ccc(/C=C3\SC(=O)NC3=O)cc1)C(C)(C)O2,,CHEMBL6605
CN(C)c1cccc2c(S(=O)(=O)Nc3cnccn3)cccc12,,CHEMBL6399
CN(C)c1cccc2c(S(=O)(=O)Nc3ccc(Cl)cn3)cccc12,,CHEMBL266315
CN(C)c1cccc2c(S(=O)(=O)Nc3ccc(Br)cc3)cccc12,,CHEMBL6400
c1ccc(CN2CCN3CC(c4ccccc4)c4ccccc4C3C2)cc1,,CHEMBL6574
CN1CCN2CC(c3ccc([N+](=O)[O-])cc3)c3ccc([N+](=O)[O-])cc3C2C1,,CHEMBL6575
CN1CCN2CC(c3ccc(Cl)cc3)c3ccccc3C2C1,,CHEMBL6459
CN1CCN2CC(c3ccc([N+](=O)[O-])cc3)c3ccccc3C2C1,,CHEMBL266801
Cc1nc(NS(=O)(=O)c2cccc3c(N(C)C)cccc23)ccc1Br,,CHEMBL6566
Nc1nc(N)c2nc(Sc3cccc(C(F)(F)F)c3)cnc2n1,,CHEMBL6570
CC/C(=C(\c1ccc(I)cc1)c1ccc(OCCCN2CCCC2)cc1)c1ccccc1,,CHEMBL269472
CCCc1nc(Br)cnc1NS(=O)(=O)c1cccc2c(N(C)C)cccc12,,CHEMBL6512
COc1nc(Br)cnc1NS(=O)(=O)c1cccc2c(N(C)C)cccc12,,CHEMBL6800
Cc1cc2c(cc1CC(C)N)OCO2,,CHEMBL6376
CC(N)Cc1ccc(I)cc1,p-IODOAMPHETAMINE,CHEMBL6368
COc1cc2nc(N3CCC(C(=O)Nc4ccccc4)CC3)nc(N)c2cc1OC,,CHEMBL6380
COc1cc2nc(N3CCC(C(=O)N(C)Cc4ccccc4)CC3)nc(N)c2cc1OC,,CHEMBL415288
CN1CCN2CC(c3ccccc3)c3ccccc3C2C1,,CHEMBL6627
CCCN1CCN2CC(c3ccccc3)c3ccccc3C2C1,,CHEMBL404992
CCc1nc(Br)cnc1NS(=O)(=O)c1cccc2c(N(C)C)cccc12,,CHEMBL6543
COc1cc2nc(N3CCC(CC(=O)NCC4CC4)CC3)nc(N)c2cc1OC,,CHEMBL269537
CC(N)Cc1ccc2c(c1)CCC2,,CHEMBL6842
CCC(c1ccc(O)cc1)C(CC)c1cc(I)c(O)c(I)c1,,CHEMBL6664
CCC(c1ccc(O)cc1)C(CC)c1ccc(O)c(Br)c1,,CHEMBL6732
CC/C(=C(\c1ccc(I)cc1)c1ccc(OCCCCCCCN2CCCC2)cc1)c1ccccc1,,CHEMBL267600
C#CCN(Cc1ccc2nc(C)nc(O)c2c1)c1ccc(C(=O)N[C@H](C)C(=O)O)cc1,,CHEMBL266508
C#CCN(Cc1ccc2nc(C)nc(O)c2c1)c1ccc(C(=O)N[C@H](CCC)C(=O)O)cc1,,CHEMBL6788
CCCCNC(=O)CC1CCN(c2nc(N)c3cc(OC)c(OC)cc3n2)CC1,,CHEMBL6789
CN(C)c1cccc2c(S(=O)(=O)Nc3ccc(I)cn3)cccc12,,CHEMBL266684
CCC(c1ccc(O)c(Br)c1)C(CC)c1ccc(O)c(Br)c1,,CHEMBL6485
C/N=C(/NC#N)NC1c2cnccc2OC(C)(C)[C@H]1O,,CHEMBL266685
CC/C(=C(\c1ccc(I)cc1)c1ccc(OCCCCCCCCCN2CCCC2)cc1)c1ccccc1,,CHEMBL6744
CC12CCC(O)CC1CCC1C2CCC2(C)[C@@H](C3=CC(=O)OC3)C(OC=O)CC12O,,CHEMBL268340
COc1cc2nc(N3CCC(C(N)=O)CC3)nc(N)c2cc1OC,,CHEMBL266927
CC/C(=C(\c1ccc(I)cc1)c1ccc(OCCCCCCN(C)C)cc1)c1ccccc1,,CHEMBL6617
CC/C(=C(\c1ccc(I)cc1)c1ccc(OCCCCN2CCCC2)cc1)c1ccccc1,,CHEMBL267035
C/N=C(\NC1c2cc(C#N)ccc2OC(C)(C)[C@H]1O)NS(N)(=O)=O,,CHEMBL6425
C#CCN(Cc1cc2c(O)nc(C)nc2cc1C)c1ccc(C(=O)N[C@@H](C(=O)O)C(C)(C)C)c(F)c1,,CHEMBL6436
CC/C(=C(\c1ccc(I)cc1)c1ccc(OCCCCCCCCN2CCCC2)cc1)c1ccccc1,,CHEMBL6410
CN(C)c1cccc2c(S(=O)(=O)Nc3ccc(Br)cn3)cccc12,,CHEMBL6411
O=C1Nc2ccc(I)cc2C12OCCO2,,CHEMBL267833
O=C1Nc2cc(Cl)ccc2C12OCCO2,,CHEMBL267834
Cc1nc(Br)cnc1NS(=O)(=O)c1cccc2c(N(C)C)cccc12,,CHEMBL6382
CN(C)c1cccc2c(S(=O)(=O)Nc3cccnn3)cccc12,,CHEMBL414200
CC(N)Cc1ccccc1,AMPHETAMINE,CHEMBL405
CC/C(=C(\c1ccc(I)cc1)c1ccc(OCCCCCCN2CCCC2)cc1)c1ccccc1,,CHEMBL269303
c1ccc(CCN2CCN3CC(c4ccccc4)c4ccccc4C3C2)cc1,,CHEMBL266039
CCN(CC)C(=O)C1CCN(c2nc(N)c3cc(OC)c(OC)cc3n2)CC1,,CHEMBL267705
COc1cc2nc(N3CCC(C(=O)NCCO)CC3)nc(N)c2cc1OC,,CHEMBL6431
Cc1c(C)c2c(c(C)c1O)CCC(C)(CN(C)CCOc1ccc(CC3SC(=O)NC3=O)cc1)O2,,CHEMBL6432
O=c1[nH]c(=O)n(C2CC(O)C(CO)O2)cc1F,,CHEMBL6628
C[C@]1(Cn2ccnn2)[C@H](C(=O)[O-])N2C(=O)[C@@H](CO)[C@H]2S1(=O)=O.[Na+],,CHEMBL6533
CC1OC(O)C(OC2CCC3(C)C(CCC4C3CCC3(C)[C@@H](C5=CC(=O)OC5)C(O)CC43O)C2)C(O)C1O,,CHEMBL6579
CCCCCCN1CCN2CC(c3ccccc3)c3ccccc3C2C1,,CHEMBL6638
COc1cc2nc(N3CCC(C(=O)NCCOc4ccccc4)CC3)nc(N)c2cc1OC,,CHEMBL266317
C#CCN(Cc1ccc2nc(C)nc(O)c2c1)c1ccc(C(=O)N[C@@H](C(=O)O)C(C)C)cc1,,CHEMBL267832
O=[N+]([O-])O[C@H]1CO[C@H]2[C@@H]1OC[C@H]2O[N+](=O)[O-],ISOSORBIDE DINITRATE,CHEMBL6622
C[C@]1(/C=C\C#N)[C@H](C(=O)[O-])N2C(=O)[C@@H](CO)[C@H]2S1(=O)=O.[Na+],,CHEMBL6469
C[C@]1(/C=C/C#N)[C@H](C(=O)[O-])N2C(=O)[C@@H](CO)[C@H]2S1(=O)=O.[Na+],,CHEMBL269471
CC1(C)Oc2ccc(C#N)cc2C(N2CCCC2=O)[C@@H]1O,,CHEMBL6677
CC/C(=C(\c1ccc(I)cc1)c1ccc(OCCN(C)C)cc1)c1ccccc1,,CHEMBL6730
C#CCN(Cc1ccc2nc(C)nc(O)c2c1)c1ccc(C(=O)N[C@@H](C(=O)O)C(C)(C)C)cc1,,CHEMBL6663
CCNC(=O)C1CCN(c2nc(N)c3cc(OC)c(OC)cc3n2)CC1,,CHEMBL268627
CC/C(=C(\c1ccc(I)cc1)c1ccc(OCCCCCCCCCCN(C)C)cc1)c1ccccc1,,CHEMBL6596
CC(C)(C)/N=C(/NC#N)NC1c2cc(C#N)ccc2OC(C)(C)[C@H]1O,,CHEMBL6527
CCN(C)c1cccc2c(S(=O)(=O)Nc3ncc(Br)nc3OC)cccc12,,CHEMBL6785
CC/C(=C(\c1ccc(I)cc1)c1ccc(OCCCCN(C)C)cc1)c1ccccc1,,CHEMBL267426
CNCC1NCC(c2ccccc2)c2ccccc21,,CHEMBL6649
C#CCN(Cc1ccc2nc(C)nc(O)c2c1)c1ccc(C(=O)N[C@H](CCC(N)=O)C(=O)O)cc1,,CHEMBL266509
CC/C(=C(\c1ccc(I)cc1)c1ccc(OCCCCCCCCN(C)C)cc1)c1ccccc1,,CHEMBL6718
CCNc1cccc2c(S(=O)(=O)Nc3ncc(Br)nc3OC)cccc12,,CHEMBL263079
CN1CCN2c3ccccc3Cc3ccccc3C2C1,MIANSERIN,CHEMBL6437
Cc1c(C)c2c(c(C)c1O)CCC(C)(CNCCOc1ccc(/C=C3\SC(=O)NC3=O)cc1)O2,,CHEMBL6511
CN(C)CC1c2ccccc2C(c2ccccc2)CN1C,,CHEMBL6528
CC12CCC(OC=O)CC1CCC1C2CCC2(C)[C@@H](C3=CC(=O)OC3)C(OC=O)CC12O,,CHEMBL451551
CO/N=C/[C@@]1(C)[C@H](C(=O)[O-])N2C(=O)[C@@H](CO)[C@H]2S1(=O)=O.[Na+],,CHEMBL6678
C#CCN(Cc1ccc2nc(C)nc(O)c2c1)c1ccc(C(=O)NCc2ccc([N+](=O)[O-])cc2)cc1,,CHEMBL6775
Cc1c(C)c2c(c(C)c1O)CCC(C)(CN(C)CCOc1ccc(/C=C3\SC(=O)NC3=O)cc1)O2,,CHEMBL6471
COc1cc2nc(N3CCC(C(=O)NCC4CC4)CC3)nc(N)c2cc1OC,,CHEMBL6447
CCCCNC(=O)C1CCN(c2nc(N)c3cc(OC)c(OC)cc3n2)CC1,,CHEMBL6556
CCCCNC(=O)C1CCCN(c2nc(N)c3cc(OC)c(OC)cc3n2)C1,,CHEMBL266279
CN/C(=C\[N+](=O)[O-])NC1c2cc(C#N)ccc2OC(C)(C)[C@H]1O,,CHEMBL6443
C#CCN(Cc1ccc2nc(C)nc(O)c2c1)c1ccc(C(=O)NCc2nc(C)cs2)cc1,,CHEMBL269600
COc1cc2nc(N3CCC(C(=O)NC4CCCC4)CC3)nc(N)c2cc1OC,,CHEMBL6598
CN(C)c1cccc2c(S(=O)(=O)Nc3ncc(Cl)cn3)cccc12,,CHEMBL6433
Cc1ccc(NS(=O)(=O)c2cccc3c(N(C)C)cccc23)nc1,,CHEMBL6463
CC1(C)Oc2ccc(C#N)cc2C(/N=C(/N)NC#N)[C@@H]1O,,CHEMBL269536
O=C1N(CN2CCCCC2)c2ccccc2C12OCCO2,,CHEMBL6464
CC(N)Cc1ccc2c(c1)OCO2,TENAMFETAMINE,CHEMBL6731
O=c1[nH]c(=O)n(C2CC(O)C(CO)O2)cc1I,,CHEMBL268690
Cc1cn(C2CC(O)C(CO)O2)c(=O)[nH]c1=O,,CHEMBL6497
Nc1nc(N)c2nc(Sc3ccc(Cl)c(Cl)c3)cnc2n1,,CHEMBL6544
CN(C)c1cccc2c(S(=O)(=O)Nc3ncccn3)cccc12,,CHEMBL6468
C#CCN(Cc1ccc2nc(C)nc(O)c2c1)c1ccc(C(=O)N[C@H](CCC(=O)O)C(=O)O)cc1,,CHEMBL6676
CN(C)c1cccc2c(S(=O)(=O)Nc3ccccn3)cccc12,,CHEMBL268855
CC/C(=C(\c1ccc(I)cc1)c1ccc(OCCCCCN(C)C)cc1)c1ccccc1,,CHEMBL6327
CCN(CC)C(=O)[C@@H]1C=C2c3cccc4[nH]cc(c34)C[C@H]2N(C)C1,LYSERGIDE,CHEMBL263881
C#CCN(Cc1ccc2nc(C)nc(O)c2c1)c1ccc(C(=O)N[C@H](Cc2ccccc2)C(=O)O)cc1,,CHEMBL415104
C#CCN(Cc1cc2c(O)nc(C)nc2cc1C)c1ccc(C(=O)N[C@@H](C(=O)O)c2cccc([N+](=O)[O-])c2)c(F)c1,,CHEMBL6271
COc1ccc(Sc2cnc3nc(N)nc(N)c3n2)cc1,,CHEMBL6631
CN(C)CCCN1c2ccccc2CCc2ccccc21,IMIPRAMINE,CHEMBL11
C#CCN(Cc1ccc2nc(C)nc(O)c2c1)c1ccc(C(=O)NCc2cncs2)cc1,,CHEMBL6496
CCCCNC(=O)COC1CCN(c2nc(N)c3cc(OC)c(OC)cc3n2)CC1,,CHEMBL6481
CCCCN1CCN2CC(c3ccccc3)c3ccccc3C2C1,,CHEMBL6482
CN(C)CC1NCC(c2ccccc2)c2ccccc21,,CHEMBL414182
CCNCC1NCC(c2ccccc2)c2ccccc21,,CHEMBL6603
C#CCN(Cc1ccc2nc(C)nc(O)c2c1)c1ccc(C(=O)NCc2ccoc2)cc1,,CHEMBL6590
C#CCN(Cc1ccc2nc(C)nc(O)c2c1)c1ccc(C(=O)NCc2ccco2)cc1,,CHEMBL264097
O=C1Nc2ccccc2C12OCCO2,,CHEMBL6816
Cc1c(C)c2c(c(C)c1O)C(CN(C)CCOc1ccc(CC3SC(=O)NC3=O)cc1)C(C)(C)O2,,CHEMBL267427
CCOC(=O)c1ccc(N/C(S)=N/c2ccc3c(c2)C(C)(C)CC(C)(C)S3)cc1,,CHEMBL6609
COC(=O)CC/C=C\CC[C@H]1C(=O)C[C@@H](O)[C@@H]1/C=C/CC(C)(O)CCC1CCC1,,CHEMBL6502
C/C=C(/C)C(=O)O[C@@]12C[C@@H](C)[C@]3(O)C4C=C(C)C(=O)[C@@]4(O)CC(COC(C)=O)=C[C@H]3[C@@H]1C2(C)C,,CHEMBL6504
NC(=O)c1cc(-c2ccncc2)cnc1Cl,,CHEMBL6581
CC1Cc2ccccc2N1NC(=O)c1ccc(Cl)c(S(N)(=O)=O)c1,INDAPAMIDE,CHEMBL406
Cc1c(C)c2c(c(C)c1O)C(CN(C)CCOc1ccc(/C=C3\SC(=O)NC3=O)cc1)C(C)(C)O2,,CHEMBL269773
COC(=O)CC/C=C\CC[C@H]1C(=O)C[C@@H](O)[C@@H]1/C=C/CC(C)(O)CCC1CC1,,CHEMBL267190
CCCOC(=O)c1ncn2c1CN(C)C(=O)c1sccc1-2,,CHEMBL268626
Cc1cc(CCCCCOc2ccc(-c3nc(C)c(C)o3)cc2)on1,,CHEMBL6595
CN1C(=O)C2(OCCO2)c2ccccc21,,CHEMBL6580
O=C1N(CN2CCOCC2)c2ccccc2C12OCCO2,,CHEMBL6460
CCCC(=O)N(CCC)NC(=O)[C@H]1CCCN1C(=O)[C@@H](NC(=O)[C@@H](NC(=O)[C@H](CC(=O)O)NC(=O)[C@H](CCC(=O)O)NC(=O)[C@@H](NC(=O)[C@H](CC(=O)O)NC(C)=O)[C@@H](C)O)C(C)C)C(C)C,,CHEMBL6559
CCCN(NC(=O)[C@H]1CCCN1C(=O)[C@@H](NC(=O)[C@@H](NC(=O)[C@H](CC(=O)O)NC(=O)[C@H](CCC(=O)O)NC(=O)[C@@H](NC(=O)[C@H](CC(=O)O)NC(C)=O)[C@@H](C)O)C(C)C)C(C)C)C(=O)CC,,CHEMBL266539
CCCN(NC(=O)[C@H]1CCCN1C(=O)[C@@H](NC(=O)[C@@H](NC(=O)[C@H](CC(=O)O)NC(=O)[C@H](CCC(=O)O)NC(=O)[C@@H](NC(=O)[C@H](CC(=O)O)NC(C)=O)[C@@H](C)O)C(C)C)C(C)C)C(C)=O,,CHEMBL414009
CCOC(=O)c1ccc(NC(=O)Nc2cc3c(cc2C)SC(C)(C)CC3(C)C)cc1,,CHEMBL6500
Cc1cc2c(cc1/N=C(\S)Nc1ccc(S(N)(=O)=O)cc1)C(C)(C)CC(C)(C)S2,,CHEMBL6499
COc1cc2nc(N3CCC(C(=O)NCCc4ccccc4)CC3)nc(N)c2cc1OC,,CHEMBL6424
COc1cc2nc(N3CCC(C(=O)NCc4ccccc4)CC3)nc(N)c2cc1OC,,CHEMBL6474
CCOC(=O)c1ncn2c1CN(C)C(=O)c1cc(Cl)ccc1-2,Ro-151310,CHEMBL415290
CCOC(=O)c1ncn2c1CN(C)C(=O)c1cc(F)ccc1-2,FLUMAZENIL,CHEMBL407
NC(=O)c1cc(-c2ccccc2)nnc1Cl,,CHEMBL6484
CCCN(NC(=O)[C@H]1CCCN1C(=O)[C@@H](NC(=O)[C@@H](NC(=O)[C@H](CC(=O)O)NC(=O)[C@H](CCC(=O)O)NC(=O)[C@@H](NC(=O)[C@H](CC(=O)O)NC(C)=O)[C@@H](C)O)C(C)C)C(C)C)C(=O)C(F)(F)F,,CHEMBL6507
CCCN(NC(=O)[C@H]1CCCN1C(=O)[C@@H](NC(=O)[C@@H](NC(=O)[C@H](CC(=O)O)NC(=O)[C@H](CCC(=O)O)NC(=O)[C@@H](NC(=O)[C@H](CC(=O)O)NC(C)=O)[C@@H](C)O)C(C)C)C(C)C)S(=O)(=O)CCl,,CHEMBL428313
O=C1N(CN2CCCC2)c2ccccc2C12OCCO2,,CHEMBL266541
COc1cc2c(cc1C)CC(N)C2,,CHEMBL6554
C#CCN(Cc1ccc2nc(C)nc(O)c2c1)c1ccc(C(=O)N[C@@H](C(=O)O)c2ccc(F)cc2)cc1,,CHEMBL265669
C#CCN(Cc1ccc2nc(C)nc(O)c2c1)c1ccc(C(=O)NC)cc1,,CHEMBL6498
CN(C)c1cccc2c(S(=O)(=O)Nc3ncc(Br)cn3)cccc12,,CHEMBL6630
CC/C(=C(\c1ccc(I)cc1)c1ccc(OCCCN(C)C)cc1)c1ccccc1,,CHEMBL266086
CCOC(=O)CNC(=O)c1cc(-c2ccncc2)nnc1Cl,,CHEMBL6486
O=C(NCc1ccc(Cl)cc1Cl)c1cc(-c2ccncc2)nnc1Cl,,CHEMBL6487
COc1cccc(-c2ccc(N3CC(CNC(C)=O)OC3=O)cc2)cc1=O,,CHEMBL269368
C/C=C(/C)C(=O)O[C@@]12C[C@@H](C)[C@]3(O)C4C=C(C)C(=O)[C@@]4(O)CC(CO)=C[C@H]3[C@@H]1C2(C)C,,CHEMBL415108
CCCN(NC(=O)[C@H]1CCCN1C(=O)[C@@H](NC(=O)[C@@H](NC(C)=O)C(C)C)C(C)C)C(=O)Oc1ccc([N+](=O)[O-])cc1,,CHEMBL6520
CCCN(NC(=O)[C@H]1CCCN1C(=O)[C@@H](NC(=O)[C@@H](NC(=O)[C@H](CC(=O)O)NC(C)=O)C(C)C)C(C)C)C(=O)Oc1ccc([N+](=O)[O-])cc1,,CHEMBL6360
C#CCN(Cc1ccc2nc(C)nc(O)c2c1)c1ccc(C(=O)Nc2ccccc2)cc1,,CHEMBL415105
O=C1Nc2ccc(Cl)cc2C12OCCO2,,CHEMBL6545
O=C1N(Cc2ccccc2)c2ccccc2C12OCCO2,,CHEMBL6546
Cc1ccc2c(c1)C1(OCCO1)C(=O)N2,,CHEMBL6395
Cc1cc(CCCCCOc2ccc(C3=NCCO3)cc2Cl)on1,,CHEMBL6444
Cc1cc(CCCCCOc2ccc(C3=NCCO3)cc2)on1,,CHEMBL266800
C=C(C)[C@]12C[C@@H](C)[C@@]34OC(Cc5ccccc5)(O[C@@H]1C3C=C(CO)C[C@]1(O)C(=O)C(C)=CC41)O2,,CHEMBL269304
OCCOCOCc1cc(CCCCCOc2c(Cl)cc(C3=NCCO3)cc2Cl)on1,,CHEMBL6448
CCN(CCOc1ccc(/C=C2\SC(=O)NC2=O)cc1)CC1(C)CCc2c(C)c(O)c(C)c(C)c2O1,,CHEMBL6571
Nc1nc(N)c2nc(Sc3cccc4ccccc34)cnc2n1,,CHEMBL268388
Cc1c(C)c2c(c(C)c1O)C(COc1ccc(CC3SC(=O)NC3=O)cc1)C(C)(C)O2,,CHEMBL269572
Cc1c(C)c2c(c(C)c1O)CCC(C)(COc1ccc(CC3SC(=O)NC3=O)cc1)O2,TROGLITAZONE,CHEMBL408
CCN(NC(=O)[C@H]1CCCN1C(=O)[C@@H](NC(=O)[C@@H](NC(=O)[C@H](CC(=O)O)NC(=O)[C@H](CCC(=O)O)NC(=O)[C@@H](NC(=O)[C@H](CC(=O)O)NC(C)=O)[C@@H](C)O)C(C)C)C(C)C)C(=O)OC(Cl)C(Cl)(Cl)Cl,,CHEMBL414008
CCN(NC(=O)[C@H]1CCCN1C(=O)[C@@H](NC(=O)[C@@H](NC(=O)[C@H](CC(=O)O)NC(=O)[C@H](CCC(=O)O)NC(=O)[C@@H](NC(=O)[C@H](CC(=O)O)NC(C)=O)[C@@H](C)O)C(C)C)C(C)C)C(=O)Oc1ccc([N+](=O)[O-])cc1,,CHEMBL438993
Cc1cc(CCCCCOc2c(Cl)cc(C3=NCCO3)cc2Cl)on1,WIN-54954,CHEMBL6594
COC(=O)CC/C=C\CC[C@H]1C(=O)C[C@@H](O)[C@@H]1/C=C/CC(C)(O)CCC1CCCCC1,,CHEMBL6418
Cc1cc(-c2nnn(C)n2)cc(C)c1OCCCCCc1cc(COCOCCO)no1,,CHEMBL268412
CCN1CCN2CC(c3ccccc3)c3ccccc3C2C1,,CHEMBL6747
CN1CCN2CC(c3ccc(N)cc3)c3ccccc3C2C1,,CHEMBL6455
CN1CCN2CC(c3ccc(O)cc3)c3ccccc3C2C1,,CHEMBL540195
Clc1ccc(C2CC3CCC2N3)cn1,EPIBATIDINE,CHEMBL6623
COc1cc2nc(N3CCC(C(=O)N4CCOCC4)CC3)nc(N)c2cc1OC,,CHEMBL6610
COC(=O)CC/C=C\CC[C@H]1C(=O)C[C@@H](O)[C@@H]1/C=C/CC(C)(O)CCC1CCCCCC1,,CHEMBL6435
c1ccc(C2CN3CCNCC3c3ccccc32)cc1,,CHEMBL6445
C=CCNc1ccc(-c2ccc(N3CC(CNC(C)=O)OC3=O)cc2)ccc1=O,,CHEMBL6519
C#CCN(Cc1ccc2nc(C)nc(O)c2c1)c1ccc(C(=O)NCCC)cc1,,CHEMBL265410
C#CCN(Cc1ccc2nc(C)nc(O)c2c1)c1ccc(C(=O)NCc2ccccc2[N+](=O)[O-])cc1,,CHEMBL266065
O=C(NCc1ccccc1)c1cc(-c2ccncc2)nnc1Cl,,CHEMBL6551
CCCN(CCC)[C@H]1CCc2c(O)cccc2C1,,CHEMBL269004
COc1ccc(-c2ccc(N3CC(CNC(C)=O)OC3=O)cc2)ccc1=O,,CHEMBL6476
Cc1cc(O)nc2cc(N)ccc12,,CHEMBL266430
Cc1cc(O)nc2cc(O)ccc12,,CHEMBL6703
COc1cccc2c1C(=O)c1c(O)c3c(c(O)c1C2=O)C[C@@](O)(C(=O)CO)C[C@@H]3OC1CC(N)C(O)C(C)O1,,CHEMBL6608
Cc1cc(=O)n(C(=O)OC(C)(C)C)c2c3c(ccc12)OC(C)(C)[C@H](O)[C@@H]3O,,CHEMBL269573
Cc1cc(O)nc2c3c(ccc12)OC(C)(C)C=C3,,CHEMBL6392
c1ccc2c(c1)cc1n2CCNC1,,CHEMBL6393
COc1ccc2cc3n(c2c1)CCNC3,,CHEMBL6385
COc1ccc2c(c1)cc1n2CCNC1,,CHEMBL269073
c1ccc2c(c1)nc1n2CCNC1,,CHEMBL6503
Cc1cc(=O)n(C(=O)OC(C)(C)C)c2c3c(ccc12)OC(C)(C)C=C3,,CHEMBL266957
Cc1cc(CCCCCCCOc2ccc(C3=NC(C)CO3)cc2)on1,,CHEMBL6641
CN(C)c1cccc2c(S(=O)(=O)Nc3cnc(Br)cn3)cccc12,,CHEMBL268339
Nc1nc(N)c2nc(Sc3ccc4ccccc4c3)cnc2n1,,CHEMBL6618
Oc1ccc(C(=C2CCCCC2)c2ccc(O)cc2)cc1,,CHEMBL6619
C/C(=C(/C)c1ccc(O)cc1)c1ccc(O)cc1,DIMETHYLSTILBESTROL,CHEMBL269003
Oc1ccc(C(=C(C(F)(F)F)C(F)(F)F)c2ccccc2)cc1,,CHEMBL6413
CN(C)c1cccc2c(S(=O)(=O)Nc3cccnc3)cccc12,,CHEMBL6414
Cc1cc(Cl)nnc1NS(=O)(=O)c1cccc2c(N(C)C)cccc12,,CHEMBL415106
c1ccc2oc(C3=NCCN3)cc2c1,,CHEMBL404505
Nc1nc(N)c2nc(Sc3cc(Cl)c(Cl)cc3Cl)cnc2n1,,CHEMBL6465
COC(=O)Nc1ccc(C2CC3CCC2N3)cn1,,CHEMBL267191
Clc1ncc(C2CC3CCC2N3)cn1,,CHEMBL6489
CCC1CCNc2cc3oc(=O)cc(C(F)(F)F)c3cc21,,CHEMBL6843
CC(O)(CS(=O)(=O)c1ccc(F)cc1)C(=O)Nc1ccc(C#N)c(C(F)(F)F)c1,BICALUTAMIDE,CHEMBL409
CCOC(=O)c1ccc(NC(=O)Nc2ccc3c(c2)C(C)(C)CC(C)(C)S3)cc1,,CHEMBL266659
CN1C(=O)CN=C(c2ccccc2)c2cc(Cl)ccc21,DIAZEPAM,CHEMBL12
O=C(CCl)Nc1ccc(C2CC3CCC2N3)cn1,,CHEMBL268176
CN(C)c1cccc2c(S(=O)(=O)Nc3ccc(Cl)cc3)cccc12,,CHEMBL6778
CC(=O)NC[C@H]1CN(c2ccc(C(C)=O)cc2)C(=O)O1,DUP-721,CHEMBL6462
NC(=O)c1cc(-c2ccc(Br)cc2)nnc1Cl,,CHEMBL268454
CC1(C)CC(C)(C)c2cc(N/C(S)=N/c3ccc(S(N)(=O)=O)cc3)ccc2S1,,CHEMBL6524
NC(=O)c1cc(-c2ccc(NS(=O)(=O)c3ccccc3)cc2)nnc1Cl,,CHEMBL6521
CCOC(=O)c1ncn2c1CN(C)C(=O)c1cc(N=[N+]=[N-])ccc1-2,Ro-154513,CHEMBL6597
CN1Cc2c(C(=O)OC(C)(C)C)ncn2-c2ccc(N=[N+]=[N-])cc2C1=O,,CHEMBL6421
CN(C)c1cccc2c(S(=O)(=O)Nc3ccc(Br)nc3)cccc12,,CHEMBL266277
CN(C)c1cccc2c(S(=O)(=O)Nc3cnc(Cl)cn3)cccc12,,CHEMBL6553
NC(=O)c1cc(-c2ccc(Cl)cc2)nnc1Cl,,CHEMBL6582
NC(=O)c1cc(-c2ccc(F)c(Cl)c2)nnc1Cl,,CHEMBL6423
Oc1ccc(/C(=C(/c2ccc(O)cc2)C(F)(F)F)C(F)(F)F)cc1,,CHEMBL6790
CCCN(NC(=O)[C@H]1CCCN1C(=O)[C@@H](NC(=O)[C@@H](NC(=O)[C@H](CC(=O)O)NC(=O)[C@H](CCC(=O)O)NC(=O)[C@@H](NC(=O)[C@H](CC(=O)O)NC(C)=O)[C@@H](C)O)C(C)C)C(C)C)C(=O)c1cc([N+](=O)[O-])cc([N+](=O)[O-])c1,,CHEMBL216130
CCCN(NC(=O)[C@H]1CCCN1C(=O)[C@@H](NC(=O)[C@@H](NC(=O)[C@H](CC(=O)O)NC(=O)[C@H](CCC(=O)O)NC(C)=O)C(C)C)C(C)C)C(=O)N[C@@H](CO)C(=O)N[C@@H](CCSC)C(=O)N[C@@H](CO)C(N)=O,,CHEMBL441890
COc1ccc(-c2cc(C(N)=O)c(Cl)nn2)cc1,,CHEMBL6538
CS(=O)(=O)c1c(F)cc(-c2cc(C(N)=O)c(Cl)nn2)cc1F,,CHEMBL269599
O=C1NCCN(c2cccnc2)N1,,CHEMBL6415
CNC(=O)c1cc(-c2ccncc2)nnc1Cl,,CHEMBL6473
CN(C)C(=O)c1cc(-c2ccncc2)nnc1Cl,,CHEMBL268455
N#Cc1cc(-c2ccncc2)nnc1Cl,,CHEMBL6475
Cc1cnc(NS(=O)(=O)c2cccc3c(N(C)C)cccc23)cn1,,CHEMBL6583
CN(C)/C=N\c1nc(/N=C/N(C)C)nc2ncc(Sc3ccc(Cl)c(Cl)c3)nc12,,CHEMBL6584
COC(=O)CC/C=C\CC[C@H]1C(=O)C[C@@H](O)[C@@H]1/C=C/CC(C)(O)CCC1CCCC1,,CHEMBL6422
COc1cc(-c2ccc(N3CC(CNC(C)=O)OC3=O)cc2)cccc1=O,,CHEMBL428159
CCCCC(=O)N(CCC)NC(=O)[C@H]1CCCN1C(=O)[C@@H](NC(=O)[C@@H](NC(=O)[C@H](CC(=O)O)NC(=O)[C@H](CCC(=O)O)NC(=O)[C@@H](NC(=O)[C@H](CC(=O)O)NC(C)=O)[C@@H](C)O)C(C)C)C(C)C,,CHEMBL267165
CCCN(NC(=O)[C@H]1CCCN1C(=O)[C@@H](NC(=O)[C@@H](NC(=O)[C@H](CC(=O)O)NC(=O)[C@H](CCC(=O)O)NC(=O)[C@@H](NC(=O)[C@H](CC(=O)O)NC(C)=O)[C@@H](C)O)C(C)C)C(C)C)C(=O)c1ccc([N+](=O)[O-])cc1,,CHEMBL384261
CCCN(NC(=O)[C@H]1CCCN1C(=O)[C@@H](NC(=O)[C@@H](NC(=O)[C@H](CC(=O)O)NC(=O)[C@H](CCC(=O)O)NC(=O)[C@@H](NC(=O)[C@H](CC(=O)O)NC(C)=O)[C@@H](C)O)C(C)C)C(C)C)C(=O)C(=O)OCC,,CHEMBL267166
CCCN(NC(=O)[C@H]1CCCN1C(=O)[C@@H](NC(=O)[C@@H](NC(=O)[C@H](CC(=O)O)NC(=O)[C@H](CCC(=O)O)NC(=O)[C@@H](NC(=O)[C@H](CC(=O)O)NC(C)=O)[C@@H](C)O)C(C)C)C(C)C)C(=O)CBr,,CHEMBL6679
Cc1cc(NS(=O)(=O)c2cccc3c(N(C)C)cccc23)nnc1Cl,,CHEMBL6660
O=C1Nc2cccc(Cl)c2C12OCCO2,,CHEMBL6651
O=C1Nc2ccc([N+](=O)[O-])cc2C12OCCO2,,CHEMBL6652
CCOC(=O)c1cc(-c2ccncc2)nnc1Cl,,CHEMBL266661
c1ccc2c3c([nH]c2c1)C1=NCCN1CC3,,CHEMBL267399
CCCNC(=O)CC1CCN(c2nc(N)c3cc(OC)c(OC)cc3n2)CC1,,CHEMBL6766
Cc1cc(Br)cnc1NS(=O)(=O)c1cccc2c(N(C)C)cccc12,,CHEMBL268116
CC(=O)NCC1CN(c2ccc(-c3ccc(N4CCOCC4)c(=O)cc3)cc2)C(=O)O1,,CHEMBL6729
C=CCOc1ccc(-c2ccc(N3CC(CNC(C)=O)OC3=O)cc2)ccc1=O,,CHEMBL6918
NC(=O)c1cnnc(-c2ccncc2)c1,,CHEMBL7086
COc1nnc(-c2ccncc2)cc1C(N)=O,,CHEMBL6930
CN(C)c1cccc2c(S(=O)(=O)Nc3cnc(Br)nc3)cccc12,,CHEMBL7019
CN(C)c1cccc2c(S(=O)(=O)Nc3ccc(Cl)nc3)cccc12,,CHEMBL415292
O=C1Nc2ccc(Br)cc2C12OCCO2,,CHEMBL6720
C#CCNc1cccc(-c2ccc(N3CC(CNC(C)=O)OC3=O)cc2)cc1=O,,CHEMBL6792
NC(=O)c1cc(-c2ccc(C(F)(F)F)cc2)nnc1Cl,,CHEMBL6791
Clc1nc2ccccc2nc1N1CCNCC1,,CHEMBL7022
CCC1CCN=C(N)C1,,CHEMBL6813
CCCCC(C)(O)C/C=C/[C@H]1[C@H](O)CC(=O)[C@@H]1CC/C=C\CCC(=O)OC,ENISOPROST,CHEMBL266979
COC1(OC)C(=O)Nc2ccccc21,,CHEMBL268311
O=C1Nc2ccccc2C12OCC(CCl)O2,,CHEMBL266544
CC(C)CC(=O)C(=O)N1CCCCC1C(=O)OCCS(=O)(=O)c1ccccc1,,CHEMBL7131
COc1c2occc2c(COCCC[N+](C)(C)C)c2ccc(=O)oc12.[Br-],,CHEMBL6945
Nc1ccc(S(=O)(=O)Nc2ccccc2S(N)(=O)=O)cc1,,CHEMBL6946
Fc1ccc2nc(N3CCNCC3)cnc2c1,,CHEMBL7020
COc1cccc2nc(N3CCNCC3)cnc12,,CHEMBL441329
CCCN(NC(=O)[C@H]1CCCN1C(=O)[C@@H](NC(=O)[C@@H](NC(=O)[C@H](CC(=O)O)NC(=O)[C@H](CCC(=O)O)NC(=O)[C@@H](NC(=O)[C@H](CC(=O)O)NC(C)=O)[C@@H](C)O)C(C)C)C(C)C)C(=O)c1ccc(C#N)cc1,,CHEMBL217439
CCCN(NC(=O)[C@H]1CCCN1C(=O)[C@@H](NC(=O)[C@@H](NC(=O)[C@H](CC(=O)O)NC(=O)[C@H](CCC(=O)O)NC(=O)[C@@H](NC(=O)[C@H](CC(=O)O)NC(C)=O)[C@@H](C)O)C(C)C)C(C)C)C(=O)c1c(F)c(F)c(F)c(F)c1F,,CHEMBL263697
CCCN(NC(=O)[C@H]1CCCN1C(=O)[C@@H](NC(=O)[C@@H](NC(=O)[C@H](CC(=O)O)NC(=O)[C@H](CCC(=O)O)NC(=O)[C@@H](NC(=O)[C@H](CC(=O)O)NC(C)=O)[C@@H](C)O)C(C)C)C(C)C)C(=O)c1cc(C(F)(F)F)cc(C(F)(F)F)c1,,CHEMBL413721
COCCc1ccc(OCC(O)CNC(C)C)cc1,METOPROLOL,CHEMBL13
CCC1CCc2cc3c(C(F)(F)F)cc(=O)oc3cc2N1,,CHEMBL266473
CC1(C)CCc2cc3c(C(F)(F)F)cc(=O)oc3cc2N1,,CHEMBL7289
O=C1N(CN2CCOCC2)c2ccccc2C12SCCS2,,CHEMBL266359
CC1c2ccccc2CN1NC(=O)c1ccc(Cl)c(S(N)(=O)=O)c1,ZIDAPAMIDE,CHEMBL6378
O=c1ccc2cc3ccoc3c(OCCO)c2o1,,CHEMBL6379
COc1c2occc2c(CN2CCCCC2)c2ccc(=O)oc12.Cl,,CHEMBL6701
NS(=O)(=O)c1cccc2ccccc12,,CHEMBL6648
Oc1ccc(/C(=C(/c2ccccc2)C(F)(F)F)C(F)(F)F)cc1,,CHEMBL6456
O=c1cc(C(F)(F)F)c2cc3c(cc2o1)NCCC3,,CHEMBL268098
NCCc1ccc(S(N)(=O)=O)cc1,,CHEMBL7087
Clc1ccc2nc(N3CCNCC3)c(Sc3ccccc3)nc2c1,,CHEMBL6888
NS(=O)(=O)c1cc(C(=O)NN2Cc3ccccc3C2CO)ccc1Cl,,CHEMBL6977
N#Cc1ccc(-c2cc(C(N)=O)c(Cl)nn2)cc1,,CHEMBL267142
CN1CCCCC1=N,,CHEMBL266980
NC1=NC(CC2CCCCC2)CCC1,,CHEMBL269560
NC1=NC(Cc2ccccc2)CCC1,,CHEMBL6875
CCC(c1ccc(O)cc1)C(CCBr)c1ccc(O)cc1,,CHEMBL6876
O=c1cc(C(F)(F)F)c2cc3c(cc2o1)NCCC3C(F)(F)F,,CHEMBL267270
Cc1c(-c2ccc(Cl)cc2)nnc(Cl)c1C(N)=O,,CHEMBL6805
CSc1nnc(-c2ccncc2)cc1C(N)=O,,CHEMBL6734
Cc1cc(CCCCCCCOc2ccc(C3=NC(C)(C)CO3)cc2)on1,,CHEMBL6824
CCOC(=O)c1ccc(N/C(S)=N/c2cc3c(cc2C)SC(C)(C)CC3(C)C)cc1,,CHEMBL6825
CCCN(NC(=O)[C@H]1CCCN1C(=O)[C@@H](NC(=O)[C@@H](NC(=O)[C@H](CC(=O)O)NC(=O)[C@H](CCC(=O)O)NC(=O)[C@@H](NC(=O)[C@H](CC(=O)O)NC(C)=O)[C@@H](C)O)C(C)C)C(C)C)C(=O)OC(Cl)C(Cl)(Cl)Cl,,CHEMBL216755
CCCN(NC(=O)[C@H]1CCCN1C(=O)[C@@H](NC(=O)[C@@H](NC(=O)[C@H](CC(=O)O)NC(=O)[C@H](CCC(=O)O)NC(=O)[C@@H](NC(=O)[C@H](CC(=O)O)NC(C)=O)[C@@H](C)O)C(C)C)C(C)C)C(=O)OCC(Cl)(Cl)Cl,,CHEMBL6751
CCCN(NC(=O)[C@H]1CCCN1C(=O)[C@@H](NC(=O)[C@@H](NC(=O)[C@H](CC(=O)O)NC(=O)[C@H](CCC(=O)O)NC(=O)[C@@H](NC(=O)[C@H](CC(=O)O)NC(C)=O)[C@@H](C)O)C(C)C)C(C)C)C(=O)CCl,,CHEMBL268628
Cc1cc(O)nc2c3c(ccc12)OC(C)(C)[C@H](OC(=O)C12CCC(C)(C(=O)O1)C2(C)C)[C@@H]3OC(=O)C12CCC(C)(C(=O)O1)C2(C)C,,CHEMBL6396
O=c1cc(C(F)(F)F)c2cc3c(cc2o1)NCCC3C(F)(F)C(F)(F)F,,CHEMBL266928
CCCN(NC(=O)[C@H]1CCCN1C(=O)[C@@H](NC(=O)[C@@H](NC(=O)[C@H](CC(=O)O)NC(=O)[C@H](CCC(=O)O)NC(=O)[C@@H](NC(=O)[C@H](CC(=O)O)NC(C)=O)[C@@H](C)O)C(C)C)C(C)C)C(=O)Oc1ccccc1,,CHEMBL262528
CN1Cc2c(C(=O)OCC3CC3)ncn2-c2ccc(Cl)cc2C1=O,,CHEMBL6440
C=CCc1ccccc1OCC(O)CNC(C)C,ALPRENOLOL,CHEMBL266195
CC1=CC(C)(C)Nc2cc3oc(=O)cc(C(F)(F)F)c3cc21,,CHEMBL6441
CCC1CCN(C)c2cc3oc(=O)cc(C(F)(F)F)c3cc21,,CHEMBL6530
Cc1ccc2nc(N3CCNCC3)cnc2c1,,CHEMBL6529
C#CCN(Cc1ccc2nc(C)nc(O)c2c1)c1ccc(C(=O)NCc2ccccn2)cc1,,CHEMBL6357
CCCC1CCNc2cc3oc(=O)cc(C(F)(F)F)c3cc21,,CHEMBL6855
O=C(C(=O)N1CCCCC1C(=O)OCCS(=O)(=O)c1ccccc1)c1ccccc1,,CHEMBL6699
CC(C)(C)C(=O)C(=O)N1CCCCC1C(=O)OCCCc1cccnc1,,CHEMBL6740
N#Cc1ccc2nc(N3CCNCC3)cnc2c1,,CHEMBL7055
Fc1cccc2nc(N3CCNCC3)cnc12,,CHEMBL7056
Clc1cccc2nc(N3CCNCC3)cnc12,,CHEMBL266543
C#CCN(Cc1ccc2nc(C)nc(O)c2c1)c1ccc(C(=O)NCc2cccc(C(=O)O)c2)cc1,,CHEMBL6850
NC(=O)c1cc(-c2ccncc2)nnc1Cl,,CHEMBL6847
CC1=C(C(=O)OC(C)(C)C)N2C(=O)/C(=C\OC(=O)C(C)(C)C)[C@H]2S(=O)(=O)C1,,CHEMBL6865
CNC1C2CCC(C2)C1C,,CHEMBL6820
CN(C)C1(C)C2CCC(C2)C1(C)C,DIMECAMINE,CHEMBL538393
COc1ccc(OC)c(C[C@@H](C)N)c1,,CHEMBL6737
FC(F)(F)c1ccc2nc(N3CCNCC3)c(Sc3ccccc3)nc2c1,,CHEMBL269153
CC[N+](CC)(CC)Cc1c2ccoc2c(OC)c2oc(=O)ccc12.[Cl-],,CHEMBL6797
Cc1cc([N+](=O)[O-])ccc1/N=C(\S)Nc1ccc2c(c1)C(C)(C)CC(C)(C)S2,,CHEMBL7074
CC1(C)CC(C)(C)c2cc(NC(=S)Nc3ccc([N+](=O)[O-])cc3)ccc2S1,SHETA-2,CHEMBL7075
C[C@H](N)Cc1c2ccoc2c(C(F)(F)F)c2ccoc12.Cl,,CHEMBL6907
CC(C)OC(=O)c1ncn2c1CN(C)C(=O)c1cc(Cl)ccc1-2,,CHEMBL6861
CCCOC(=O)c1ncn2c1CN(C)C(=O)c1cc(Cl)ccc1-2,,CHEMBL6862
CCC(c1ccc(O)cc1)C(CCF)c1ccc(O)cc1,,CHEMBL7192
CCC(c1ccc(O)cc1)C(CCCl)c1ccc(O)cc1,,CHEMBL7203
CC1=C(/C=C/C(C)=C/C=C/C(C)=C/C(=O)Nc2ccc(O)cc2)C(C)(C)CCC1,FENRETINIDE,CHEMBL7301
CC1=CC2[C@@]3(O)[C@H](C)C[C@]4(OC(=O)CCCCCCC[C@H]5C[C@@H]5C)[C@H]([C@@H]3C(C)=C(CO)C[C@]2(O)C1=O)C4(C)C,,CHEMBL6834
CCC1COC(c2ccc(OCCCCCCCc3cc(C)no3)cc2)=N1,,CHEMBL269703
Cc1cc(=O)n(C(=O)OC(C)(C)C)c2c3c(ccc12)OC(C)(C)[C@H](OC(=O)C12CCC(C)(C(=O)O1)C2(C)C)[C@@H]3OC(=O)C12CCC(C)(C(=O)O1)C2(C)C,,CHEMBL6758
Cc1c(O)nc2c3c(ccc2c1C)OC(C)(C)[C@H](OC(=O)C12CCC(C)(C(=O)O1)C2(C)C)[C@@H]3OC(=O)C12CCC(C)(C(=O)O1)C2(C)C,,CHEMBL268653
CC1(C)Oc2ccc3ccc(=O)oc3c2[C@@H](OC(=O)C23CCC(C)(C(=O)O2)C3(C)C)[C@H]1OC(=O)C12CCC(C)(C(=O)O1)C2(C)C,,CHEMBL269559
CC/C(=C(/CC)c1ccc(O)cc1)c1ccc(O)cc1,DIETHYLSTILBESTROL,CHEMBL411
COC(=O)c1ncn2c1CN(C)C(=O)c1sccc1-2,,CHEMBL6752
CC(C)CC(=O)C(=O)N1CCCCC1C(=O)OCCCc1cccnc1,,CHEMBL268113
O=C(C(=O)N1CCCCC1C(=O)OCCCc1cccnc1)c1ccccc1,,CHEMBL6714
CCC1Nc2cc3oc(=O)cc(C(F)(F)F)c3cc2CC1C,,CHEMBL6654
CCCN(NC(=O)[C@H]1CCCN1C(=O)[C@@H](NC(=O)[C@@H](NC(=O)[C@H](CC(=O)O)NC(=O)[C@H](CCC(=O)O)NC(=O)[C@@H](NC(=O)[C@H](CC(=O)O)NC(C)=O)[C@@H](C)O)C(C)C)C(C)C)C(=O)Oc1ccc(Cl)cc1,,CHEMBL413262
CCCN(NC(=O)[C@H]1CCCN1C(=O)[C@@H](NC(=O)[C@@H](NC(=O)[C@H](CC(=O)O)NC(=O)[C@H](CCC(=O)O)NC(=O)[C@@H](NC(=O)[C@H](CC(=O)O)NC(C)=O)[C@@H](C)O)C(C)C)C(C)C)C(=O)Oc1ccccc1[N+](=O)[O-],,CHEMBL387089
CCCN(NC(=O)[C@H]1CCCN1C(=O)[C@@H](NC(=O)[C@@H](NC(=O)[C@H](CC(=O)O)NC(=O)[C@H](CCC(=O)O)NC(=O)[C@@H](NC(=O)[C@H](CC(=O)O)NC(C)=O)[C@@H](C)O)C(C)C)C(C)C)C(=O)Oc1ccc([N+](=O)[O-])cc1,,CHEMBL263608
CCOC(=O)c1ncn2c1CN(C)C(=O)c1ccccc1-2,RO-147437,CHEMBL267665
COCc1c2ccoc2c(OC)c2oc(=O)ccc12,,CHEMBL6835
CCC(c1ccc(O)cc1)C(CCI)c1ccc(O)cc1,,CHEMBL268856
CC12CCC3c4ccc(O)cc4CCC3C1CCC2O,,CHEMBL412
CC(=O)N1CCN(c2cnc3cc(Cl)ccc3n2)CC1,,CHEMBL6916
CN1CCN(c2cnc3cc(Cl)ccc3n2)CC1,,CHEMBL6992
CS(=O)(=O)c1ccc2nc(N3CCNCC3)cnc2c1,,CHEMBL6606
CC1=C(C(=O)O)N2C(=O)[C@@H](NC(=O)C(N)c3ccccc3)[C@H]2SC1,,CHEMBL6634
Nc1nccc(Nc2ccc(S(N)(=O)=O)cc2)n1,,CHEMBL6633
CCO[C@H]1O[C@@H]2O[C@@]3(C)CCC4[C@H](C)CCC([C@H]1C)[C@]42OO3,,CHEMBL6635
COc1c2occc2c(CO)c2ccc(=O)oc12,,CHEMBL6577
COc1c2occc2c(CN2CCN(C)CC2)c2ccc(=O)oc12.Cl,,CHEMBL6589
CNC1(C)C2CCC(C2)C1(C)C,MECAMYLAMINE,CHEMBL267936
CNC1C2CCC(C2)C1(C)C,,CHEMBL6491
CCOc1ccc(NS(=O)(=O)c2cccc3c(N(C)C)cccc23)nn1,,CHEMBL269237
COc1ccc(NS(=O)(=O)c2cccc3c(N(C)C)cccc23)nn1,,CHEMBL6624
Nc1cc(Cl)c(S(N)(=O)=O)cc1S(N)(=O)=O,,CHEMBL266240
NS(=O)(=O)c1nc2ccc(O)cc2s1,,CHEMBL6685
Oc1ccc2nc(N3CCNCC3)cnc2c1,,CHEMBL6698
CNC1CC2CCC1(C)C2(C)C,,CHEMBL7030
CNC1CC2CCC1C2,,CHEMBL7041
CCCN(NC(=O)[C@H]1CCCN1C(=O)[C@@H](NC(=O)[C@@H](NC(=O)[C@H](CC(=O)O)NC(=O)[C@H](CCC(=O)O)NC(=O)[C@@H](NC(=O)[C@H](CC(=O)O)NC(C)=O)[C@@H](C)O)C(C)C)C(C)C)C(=O)OC(C)(C)C(Cl)(Cl)Cl,,CHEMBL384532
C[N+](C)(C)CCOC(N)=O.[Cl-],CARBACHOL,CHEMBL14
COC(=O)C1=CCCNC1,NORARECOLINE,CHEMBL268808
COC(=O)CC/C=C\CC[C@H]1C(=O)C[C@@H](O)[C@@H]1/C=C/CC(C)(O)CCCCO,,CHEMBL6986
C=CCNc1cccc(-c2ccc(N3CC(CNC(C)=O)OC3=O)cc2)cc1=O,,CHEMBL440267
CCCN(NC(=O)[C@H]1CCCN1C(=O)[C@@H](NC(=O)[C@@H](NC(=O)[C@H](CC(=O)O)NC(=O)[C@H](CCC(=O)O)NC(C)=O)C(C)C)C(C)C)C(=O)Oc1ccc([N+](=O)[O-])cc1,,CHEMBL6873
CCCN(NC(=O)[C@H]1CCCN1C(=O)[C@@H](NC(=O)[C@@H](NC(=O)[C@H](CC(=O)O)NC(=O)[C@H](CCC(=O)O)NC(=O)[C@@H](NC(C)=O)[C@@H](C)O)C(C)C)C(C)C)C(=O)Oc1ccc([N+](=O)[O-])cc1,,CHEMBL6738
CCCC(NC(=O)[C@H]1CCCN1C(=O)[C@@H](NC(=O)[C@@H](NC(=O)[C@H](CC(=O)O)NC(=O)[C@H](CCC(=O)O)NC(=O)[C@@H](NC(=O)[C@H](CC(=O)O)NC(C)=O)[C@@H](C)O)C(C)C)C(C)C)C(=O)Oc1ccc([N+](=O)[O-])cc1,,CHEMBL425625
C=CCOc1noc2c1CNCC2.Cl,,CHEMBL268175
Cl.c1ccc(COc2noc3c2CNCC3)cc1,,CHEMBL6587
CCN1CCc2onc(OC)c2C1.Cl,,CHEMBL6568
O=[N+]([O-])c1ccc2nc(N3CCNCC3)cnc2c1,,CHEMBL6569
CCCNc1ncnc2c1ncn2Cc1ccccc1F,,CHEMBL6387
CN1Cc2c(C(=O)OC(C)(C)C)ncn2-c2ccsc2C1=O,RO-194603,CHEMBL269366
CN(C)N=Nc1ccc2c(c1)C(=O)N(C)Cc1c(C(=O)OC(C)(C)C)ncn1-2,,CHEMBL6407
CN1Cc2c(C(=O)OC(C)(C)C)ncn2-c2ccc(N=C=S)cc2C1=O,,CHEMBL6814
CC(=O)OCC1=C[C@H]2[C@@H]3C(C)(C)[C@]3(OC(=O)Cc3ccccc3)C[C@@H](C)[C@]2(O)C2C=C(C)C(=O)[C@@]2(O)C1,,CHEMBL268915
CCCN(NC(=O)[C@H]1CCCN1C(=O)[C@@H](NC(=O)[C@@H](NC(=O)[C@H](CC(=O)O)NC(=O)[C@H](CCC(=O)O)NC(=O)[C@@H](NC(=O)[C@H](CC(=O)O)NC(C)=O)[C@@H](C)O)C(C)C)C(C)C)C(=O)c1ccc(-c2ccccc2)cc1,,CHEMBL386851
CCCN(NC(=O)[C@H]1CCCN1C(=O)[C@@H](NC(=O)[C@@H](NC(=O)[C@H](CC(=O)O)NC(=O)[C@H](CCC(=O)O)NC(=O)[C@@H](NC(=O)[C@H](CC(=O)O)NC(C)=O)[C@@H](C)O)C(C)C)C(C)C)C(=O)c1ccc(/N=N\c2ccc([N+](=O)[O-])cc2)cc1,,CHEMBL383935
CCCN(NC(=O)[C@H]1CCCN1C(=O)[C@@H](NC(=O)[C@@H](NC(=O)[C@H](CC(=O)O)NC(=O)[C@H](CCC(=O)O)NC(=O)[C@@H](NC(=O)[C@H](CC(=O)O)NC(C)=O)[C@@H](C)O)C(C)C)C(C)C)C(=O)c1ccc(S(=O)(=O)F)cc1,,CHEMBL426151
COc1cccc2c1C(=O)c1c(O)c3c(c(O)c1C2=O)C[C@@](O)(C(=O)CO)C[C@@H]3O[C@H]1C[C@H](NC(=O)OCC2=C(C(=O)OC(C)(C)C)N3C(=O)[C@@H](Cl)[C@@H]3S(=O)(=O)C2)[C@@H](O)[C@H](C)O1,,CHEMBL268413
CCCN(NC(=O)[C@H]1CCCN1C(=O)[C@@H](NC(=O)[C@@H](NC(=O)[C@H](CC(=O)O)NC(=O)[C@H](CCC(=O)O)NC(=O)[C@@H](NC(=O)[C@H](CC(=O)O)NC(C)=O)[C@@H](C)O)C(C)C)C(C)C)C(=O)Sc1ccccc1,,CHEMBL216753
CCCN(NC(=O)[C@H]1CCCN1C(=O)[C@@H](NC(=O)[C@@H](NC(=O)[C@H](CC(=O)O)NC(=O)[C@H](CCC(=O)O)NC(=O)[C@@H](NC(=O)[C@H](CC(=O)O)NC(C)=O)[C@@H](C)O)C(C)C)C(C)C)C(=O)Sc1ccc(Cl)cc1,,CHEMBL384151
CCNc1ncnc2c1ncn2Cc1ccccc1F,,CHEMBL269774
O=C1NC(=O)C(c2ccccc2)(c2ccccc2)N1,PHENYTOIN,CHEMBL16
CC(CN1CCCCC1)OC(=O)[C@@H]1CCCN1C(=O)C(=O)C(C)(C)C,,CHEMBL269775
CO[C@H]1C[C@@H]2CC[C@@H](C)[C@@](O)(O2)C(=O)C(=O)N2CCCC[C@H]2C(=O)O[C@H]([C@H](C)C[C@@H]2CC[C@@H](O)[C@H](OC)C2)CC(=O)[C@H](C)/C=C(\C)[C@@H](O)[C@@H](OC)C(=O)[C@H](C)C[C@H](C)/C=C/C=C/C=C/1C,SIROLIMUS,CHEMBL413
C=CC[C@@H]1/C=C(\C)C[C@H](C)C[C@H](OC)[C@H]2O[C@@](O)(C(=O)C(=O)N3CCCC[C@H]3C(=O)O[C@H](/C(C)=C/[C@@H]3CC[C@@H](O)[C@H](OC)C3)[C@H](C)[C@@H](O)CC1=O)[C@H](C)C[C@@H]2OC,TACROLIMUS ANHYDROUS,CHEMBL269732
CCC(C)(C)C(=O)C(=O)N1CCC[C@H]1C(=O)OCCCc1cccnc1,GPI-1046,CHEMBL6367
Br.Oc1noc2c1CNCC2,,CHEMBL6373
CN1CC[N+](C)(CCCOc2c3occc3cc3ccc(=O)oc23)CC1.[Br-],,CHEMBL6374
C[N+](C)(C)CCCOc1c2occc2cc2ccc(=O)oc12.[Br-],,CHEMBL268832
Brc1ccc2nc(N3CCNCC3)cnc2c1,,CHEMBL6837
Nc1ccc(S(=O)(=O)NCCc2ccc(S(N)(=O)=O)cc2)cc1,,CHEMBL7146
Nc1ccc(S(=O)(=O)NCc2ccc(S(N)(=O)=O)cc2)cc1,,CHEMBL266026
Nc1ccc(S(=O)(=O)Nc2ccc(S(N)(=O)=O)cc2)cc1,,CHEMBL269122
Nc1ccc(S(=O)(=O)Nc2nnc(S(N)(=O)=O)s2)cc1,,CHEMBL268439
CN1Cc2c(C(=O)OC(C)(C)C)ncn2-c2ccc([N+](=O)[O-])cc2C1=O,,CHEMBL7290
CN(C)c1cccc2c(S(=O)(=O)Nc3ccc(C#N)nn3)cccc12,,CHEMBL6668
O=C1Nc2ccccc2C12OCCS2,,CHEMBL402580
O=C1Nc2ccccc2C12SCCS2,,CHEMBL6798
CNC(=O)c1cc(Cl)nnc1Cl,,CHEMBL267835
Clc1ccc2nc(N3CCNCC3)cnc2c1,,CHEMBL6670
CCOc1noc2c1CN(C)CC2.Cl,,CHEMBL269706
NS(=O)(=O)c1ccc(C(=O)O)cc1,CARZENIDE,CHEMBL414
NS(=O)(=O)c1ccc(CCO)cc1,,CHEMBL6784
CN1Cc2c(C(=O)OC(C)(C)C)ncn2-c2ccc(I)cc2C1=O,,CHEMBL6659
CCOC(=O)c1ncn2c1C1CCCN1C(=O)c1cc(Cl)ccc1-2,RO-145975,CHEMBL269705
C/N=c1\ccc(-c2ccc(N3CC(CNC(C)=O)OC3=O)cc2)ccc1O,,CHEMBL6839
NS(=O)(=O)c1cc(C(=O)NN2Cc3ccccc3C2C(=O)O)ccc1Cl,,CHEMBL6849
CN(N=O)c1ccccc1,,CHEMBL266169
NS(=O)(=O)c1ccc(CO)cc1,,CHEMBL6919
CNc1ncnc2c1ncn2Cc1ccc(N)cc1,,CHEMBL267192
N=C1CCCCN1,,CHEMBL269058
N#Cc1ccc(-c2cc(C(N)=O)c(Cl)nn2)cc1Cl,,CHEMBL6429
NC(=O)c1cc(-c2ccc([N+](=O)[O-])cc2)nnc1Cl,,CHEMBL6439
CN(N=O)c1cc(O)ccc1O,DEPHOSTATIN,CHEMBL269733
COc1c2occc2c(COCCCO)c2ccc(=O)oc12,,CHEMBL6564
CNc1ncnc2c1ncn2Cc1ccccc1,,CHEMBL6565
CNc1ncnc2c1ncn2Cc1cccc(OCc2ccccc2)c1,,CHEMBL266037
COc1ccc2nc(N3CCNCC3)cnc2c1,,CHEMBL6713
CNc1ncnc2c1ncn2Cc1cccc(F)c1,,CHEMBL6704
Nc1ccccc1S(N)(=O)=O,,CHEMBL6705
Cn1nc(S(N)(=O)=O)sc1=N,,CHEMBL6753
Nc1nnc(S(N)(=O)=O)s1,,CHEMBL265674
Nc1cccc(S(N)(=O)=O)c1,,CHEMBL6852
NC1=Nc2ccccc2CC1,,CHEMBL6656
CCCC1CCN=C(N)C1,,CHEMBL6657
CC1CCCC(N)=N1,,CHEMBL265672
Nc1ccc(S(N)(=O)=O)cc1I,,CHEMBL268177
CCN(CC)c1ncnc2c1ncn2Cc1ccccc1F,,CHEMBL268787
Nc1nc(N)c2c([S+]([O-])c3ccc4ccccc4c3)cccc2n1,,CHEMBL6726
CNc1ncnc2c1ncn2Cc1ccc(F)cc1F,,CHEMBL6723
O=C(C(=O)N1CCC[C@H]1C(=O)OCCCc1cccnc1)c1ccccc1,,CHEMBL269154
O=C(C(=O)N1CCC[C@H]1C(=O)OCCS(=O)(=O)c1ccccc1)c1ccccc1,,CHEMBL6809
COc1cccc2c1C[C@@H](CO)NC(=O)[C@H](C(C)C)N2C,,CHEMBL6644
COc1cccc(CC(=O)O)c1-c1ccc(Cl)cc1,,CHEMBL267667
Nc1nc(N)c2c([S+]([O-])c3ccc(Cl)c(Cl)c3)cccc2n1,,CHEMBL6642
Nc1nc(O)c2cc([S+]([O-])c3ccc4ccccc4c3)ccc2n1,,CHEMBL269059
C/C(=C\Cn1oc(=O)[nH]c1=O)c1ccc(OCc2nc(-c3ccc(C(F)(F)F)cc3)oc2C)cc1,,CHEMBL6599
C/C(=C\Cn1sc(=O)[nH]c1=O)c1cccc(OCc2nc(-c3ccc(C(F)(F)F)cc3)oc2C)c1,,CHEMBL265622
COc1ccc2ncc(N3CCNCC3)nc2c1,,CHEMBL414011
O=[N+]([O-])c1ccc2ncc(N3CCNCC3)nc2c1,,CHEMBL266170
CN(C)CCCN1c2ccccc2CCc2ccc(Cl)cc21,CLOMIPRAMINE,CHEMBL415
Clc1cc2ncc(N3CCNCC3)nc2cc1Cl,,CHEMBL6901
Nc1nc(O)c2cc(Sc3ccc4ccccc4c3)ccc2n1,,CHEMBL6991
CNc1ncnc2c1ncn2Cc1c(F)cccc1Cl,,CHEMBL269046
C[C@@H](N)Cc1c2ccoc2c(C(F)(F)F)c2ccoc12.Cl,,CHEMBL7132
C[C@H](N)Cc1c2ccoc2c(Br)c2ccoc12.Cl,,CHEMBL263083
C[C@@H](N)Cc1c2ccoc2c(Br)c2ccoc12.Cl,,CHEMBL6706
Nc1nc2ccccc2nc1N1CCNCC1,,CHEMBL266432
CC1CC(N)=NC(C)C1,,CHEMBL269076
CCNC1C2CCC(C2)C1c1ccccc1,FENCAMFAMIN,CHEMBL7010
CN(C)C1CC2CCC1(C)C2(C)C,,CHEMBL268543
CCCCCCCCC#Cc1ccc2c(c1OC)C[C@@H](CO)NC(=O)[C@H](C(C)C)N2C,,CHEMBL7078
CC(C)[C@H]1C(=O)N[C@H](CO)Cc2ccccc2N1C,,CHEMBL267144
CCN(C)c1ncnc2c1ncn2Cc1ccccc1F,,CHEMBL7057
Fc1ccccc1Cn1cnc2c(NC3CCCC3)ncnc21,,CHEMBL266930
CNc1ncnc2c1ncn2Cc1cc(F)ccc1F,,CHEMBL6787
CN(C)c1ncnc2c1ncn2Cc1c(F)cccc1F,,CHEMBL6817
CNc1ncnc2c1ncn2Cc1c(F)cccc1F,,CHEMBL267163
COC(=O)C1=CCCN(C)C1,ARECOLINE,CHEMBL7303
CC(=O)c1ccc(N2C(N)=NC(N)=NC2(C)C)cc1,,CHEMBL269018
CCOC(=O)c1cccc(N2C(N)=NC(N)=NC2(C)C)c1,,CHEMBL268356
Oc1nc2ccccc2nc1N1CCNCC1,,CHEMBL7236
Nc1nc(N)c2cc(S(=O)(=O)c3ccc4ccccc4c3)ccc2n1,,CHEMBL268584
CC(C)CC(=O)C(=O)N1CCC[C@H]1C(=O)OCCS(=O)(=O)c1ccccc1,,CHEMBL266660
CC(C)(C)C(=O)C(=O)N1CCC[C@H]1C(=O)OCCCc1cccnc1,,CHEMBL6449
CCC1CC(C)c2cc3c(C(F)(F)F)cc(=O)oc3cc2N1,,CHEMBL269305
CC1CCNc2cc3oc(=O)cc(C(F)(F)F)c3cc21,,CHEMBL415289
CN1Cc2c(C(=O)OC(C)(C)C)ncn2-c2ccccc2C1=O,,CHEMBL7298
CC1(C)N=C(N)N=C(N)N1c1ccc(C(F)(F)F)cc1,,CHEMBL427826
Cc1oc(-c2ccc(Cl)cc2)nc1COc1cccc(/C=C/C(C)n2oc(=O)[nH]c2=O)c1,,CHEMBL414010
COc1noc2c1CN(C)CC2.Cl,,CHEMBL440085
CC#CCOc1noc2c1CNCC2.Cl,,CHEMBL7018
C/C(=C\Cn1oc(=O)[nH]c1=O)c1cccc(OCc2nc(-c3ccc(C(F)(F)F)cc3)oc2C)c1,,CHEMBL7029
Cc1cccc(N2C(N)=NC(N)=NC2(C)C)c1,,CHEMBL7070
CN1Cc2c(C(=O)OC(C)(C)C)ncn2-c2ccc(Cl)cc2C1=O,,CHEMBL415293
FC(F)(F)c1ccc2nc(N3CCNCC3)cnc2c1,,CHEMBL266088
Nc1ccc2nc(N3CCNCC3)cnc2c1,,CHEMBL6684
Cc1ccc(N2C(N)=NC(N)=NC2(C)C)cc1,,CHEMBL7004
C[C@@H](N)Cc1c2c(c(Br)c3c1OCC3)OCC2.Cl,,CHEMBL6710
C=C(Br)COc1noc2c1CNCC2.Cl,,CHEMBL6807
C#CCOc1noc2c1CNCC2.Cl,,CHEMBL6767
C[C@H](N)Cc1c2ccoc2cc2ccoc12.Cl,,CHEMBL6838
C/C=C/COc1noc2c1CNCC2.Cl,,CHEMBL6375
CC(C)COc1noc2c1CNCC2.Cl,,CHEMBL6377
COc1c2occc2c(CN2CCOCC2)c2ccc(=O)oc12.Cl,,CHEMBL428334
COc1noc2c1CNCC2.Cl,,CHEMBL6451
C[C@@H](N)Cc1c2c(c(C(F)(F)F)c3c1OCC3)OCC2.Cl,,CHEMBL6452
CCCCCCCCC#Cc1ccc2c(c1)C[C@@H](CO)NC(=O)[C@H](C(C)C)N2C,,CHEMBL6453
O=C(O)C1CN(c2cnc3ccccc3n2)CCN1,,CHEMBL6801
c1ccc2nc(N3CCNCC3)cnc2c1,,CHEMBL6780
CN1CCN(c2nc3ccc(S(N)(=O)=O)cc3nc2Cl)CC1,,CHEMBL263084
CCC1CC(CC)c2cc3c(C(F)(F)F)cc(=O)oc3cc2N1,,CHEMBL6721
COc1c2occc2cc2ccc(=O)oc12,METHOXSALEN,CHEMBL416
COc1cccc(-c2ccc(Cl)cc2)c1CC(=O)O,,CHEMBL415475
COc1cccc(N2C(N)=NC(N)=NC2(C)C)c1,,CHEMBL266319
O=C1CN(c2cnc3ccccc3n2)CCN1,,CHEMBL6695
Fc1cccc2ncc(N3CCNCC3)nc12,,CHEMBL6756
CC(C)NCC(O)COc1ccc(CCOCC2CCCC2)cc1,,CHEMBL6712
CC(C)CC(=O)C(=O)N1CCC[C@H]1C(=O)OCCCc1cccnc1,,CHEMBL7237
CN(C=O)c1ncnc2c1ncn2Cc1ccccc1F,,CHEMBL7238
CCCN(NC(=O)[C@H]1CCCN1C(=O)[C@@H](NC(=O)[C@@H](NC(=O)[C@H](CC(=O)O)NC(=O)[C@H](CCC(=O)O)NC(=O)[C@@H](NC(=O)[C@H](CC(=O)O)NC(C)=O)[C@@H](C)O)C(C)C)C(C)C)C(=O)c1ccc(C(F)(F)F)cc1,,CHEMBL412607
COC(=O)c1ncn2c1CN(C)C(=O)c1cc(Cl)ccc1-2,,CHEMBL266943
COC(=O)c1ncn2c1CN(C)C(=O)c1ccccc1-2,,CHEMBL7009
COc1c2occc2c(CN(CCO)CCO)c2ccc(=O)oc12.Cl,,CHEMBL428674
CC1(C)N=C(N)N=C(N)N1c1cccc(OCc2ccc(Cl)c(Cl)c2)c1,,CHEMBL269704
CC(C)(C)c1ccc(N2C(N)=NC(N)=NC2(C)C)cc1,,CHEMBL6661
CC(CCc1ccc(F)cc1)NCC(O)COc1ccc(CCOCC2CCC2)cc1,,CHEMBL6749
NS(=O)(=O)c1cccc2cccnc12,,CHEMBL268809
CCNC1CN(CCCOC)S(=O)(=O)c2sc(S(N)(=O)=O)cc21,,CHEMBL6750
Fc1ccccc1Cn1cnc2c(NC3CCC3)ncnc21,,CHEMBL266732
CC1(C)N=C(N)N=C(N)N1c1cccc(OCCCCOc2cccc(C(F)(F)F)c2)c1,,CHEMBL6671
Cc1oc2c(C)c3oc(=O)cc(C)c3cc2c1CNCCO,,CHEMBL6725
CCCOc1noc2c1CNCC2.Cl,,CHEMBL6859
CC(C)Oc1noc2c1CNCC2.Cl,,CHEMBL6702
NS(=O)(=O)c1cc(Cl)c(Cl)c(S(N)(=O)=O)c1,DICHLORPHENAMIDE,CHEMBL17
COc1ccc(N2C(N)=NC(N)=NC2(C)C)cc1,,CHEMBL266573
C[C@H](N)Cc1c2c(c(Br)c3c1OCC3)OCC2.Cl,,CHEMBL263078
COc1cc(C(F)(F)F)c(OC)cc1CC(C)N,,CHEMBL6620
CCNC1CC(C)S(=O)(=O)c2sc(S(N)(=O)=O)cc21,,CHEMBL269001
COc1cc(CC(C)N)c(OC)cc1Br,BROLAMFETAMINE,CHEMBL6607
COc1ccc(CC(=O)O)cc1-c1ccc(Cl)cc1,,CHEMBL267037
NC1=NC(C(F)(F)F)CCC1,,CHEMBL267038
CC1(C)N=C(N)N=C(N)N1c1cccc(C#N)c1,,CHEMBL268914
CCCCOc1noc2c1CNCC2.Cl,,CHEMBL6860
CCOc1noc2c1CNCC2.Cl,,CHEMBL6680
CCOc1ccc2nc(S(N)(=O)=O)sc2c1,ETHOXZOLAMIDE,CHEMBL18
CCCN(NC(=O)[C@H]1CCCN1C(=O)[C@@H](NC(=O)[C@@H](NC(=O)[C@H](CC(=O)O)NC(=O)[C@H](CCC(=O)O)NC(=O)[C@@H](NC(=O)[C@H](CC(=O)O)NC(C)=O)[C@@H](C)O)C(C)C)C(C)C)C(=O)OCc1ccccc1,,CHEMBL268985
CCCN(NC(=O)[C@H]1CCCN1C(=O)[C@@H](NC(=O)[C@@H](NC(=O)[C@H](CC(=O)O)NC(=O)[C@H](CCC(=O)O)NC(=O)[C@@H](NC(=O)[C@H](CC(=O)O)NC(C)=O)[C@@H](C)O)C(C)C)C(C)C)C(=O)OCc1ccc([N+](=O)[O-])cc1,,CHEMBL265570
CN1Cc2c(C(=O)OC(C)(C)C)ncn2-c2ccc(Br)cc2C1=O,,CHEMBL6655
CN1Cc2c(C(=O)OCCC(C)(C)C)ncn2-c2ccc(Cl)cc2C1=O,,CHEMBL6826
CNc1ncnc2c1ncn2Cc1cccc(O)c1,,CHEMBL6827
COc1ccc(CC(=O)O)c(-c2ccc(Cl)cc2)c1,,CHEMBL427797
COc1cc(-c2ccc(Cl)cc2)ccc1CC(=O)O,,CHEMBL6988
C=C1[C@@H](OC(=O)/C=C/c2ccccc2)CC[C@@]2(C)[C@@H](O)[C@H](O)C3=C(C)C(=O)C[C@@H]([C@@H](OC(C)=O)[C@H]12)C3(C)C,,CHEMBL6851
COc1ccc(-c2ccc(Cl)cc2)cc1CC(=O)O,,CHEMBL6672
COc1c2occc2c(CN(C)C)c2ccc(=O)oc12.Cl,,CHEMBL267498
Nc1ccc(S(N)(=O)=O)cc1Br,,CHEMBL6724
Nc1ccc(S(N)(=O)=O)cc1F,,CHEMBL6853
[O-][n+]1cc(N2CCNCC2)nc2ccccc21,,CHEMBL266242
CC(CN1CCCCC1)OC(=O)C1CCCCN1C(=O)C(=O)C(C)(C)C,,CHEMBL266301
COc1cccc2c1C(=O)c1c(O)c3c(c(O)c1C2=O)C[C@@](O)(C(=O)CO)C[C@@H]3O[C@H]1C[C@H](N)[C@@H](O)[C@H](C)O1,EPIRUBICIN,CHEMBL417
COc1cccc2c1C(=O)c1c(O)c3c(c(O)c1C2=O)C[C@@](O)(C(=O)CO)C[C@@H]3OC1C[C@H](NC(=O)OCC2=C(C(=O)OC(C)(C)C)N3C(=O)/C(=C/OC(=O)C(C)(C)C)[C@@H]3S(=O)(=O)C2)[C@@H](O)[C@H](C)O1,,CHEMBL216758
COc1c(CC(=O)O)cccc1-c1ccc(Cl)cc1,,CHEMBL6864
Nc1nc(N)c2c(S(=O)(=O)c3ccc4ccccc4c3)cccc2n1,,CHEMBL6693
COc1c2occc2c(C[N+](C)(C)C)c2ccc(=O)oc12.[Cl-],,CHEMBL266318
CC(CCc1ccccc1)NCC(O)COc1ccc(CCOCC2CCC2)cc1,,CHEMBL267220
Fc1ccccc1Cn1cnc2c(NCC3CC3)ncnc21,,CHEMBL266302
CC(CN1CCCCC1)OC(=O)[C@@H]1CCCN1C(=O)C(=O)c1ccccc1,,CHEMBL6683
CC(=O)/N=c1/sc(S(N)(=O)=O)nn1C,METHAZOLAMIDE,CHEMBL19
CC(=O)Nc1nnc(S(N)(=O)=O)s1,ACETAZOLAMIDE,CHEMBL20
CC1(C)CCN=C(N)C1,,CHEMBL6643
Nc1ncnc2ccc(Sc3ccc4ccccc4c3)cc12,,CHEMBL6933
CC1(C)N=C(N)N=C(N)N1c1cccc(OCCOc2ccccc2)c1,,CHEMBL266025
C/C(=C\Cn1oc(=O)[nH]c1=O)c1ccc(OCCc2nc(-c3ccc(C(F)(F)F)cc3)oc2C)cc1,,CHEMBL6637
Nc1cc(C(F)(F)F)c(S(N)(=O)=O)cc1S(N)(=O)=O,"2,4-DISULFAMYLTRIFLUOROMETHYLANILINE",CHEMBL418
Nc1ccncc1,4-Aminopyridine,CHEMBL1535
Nc1cc(F)cnc1,Fampridine,CHEMBL1446
O=C1NC(=O)C(c2ccccc2)(c2ccccc2)C1,Phenytoin,CHEMBL16
N#Cc1ccc2[nH]c(=O)c3cc(F)ccc3c2c1,Flupirtine,CHEMBL1336
CC1(C)OC2COC3(COS(N)(=O)=O)OC(C)(C)OC3C2O1,Topiramate,CHEMBL220492
