frame,time_ns,dfg_dihedral_deg
0,0.000,166.92
1,0.100,157.77
2,0.200,167.39
3,0.300,164.68
4,0.400,164.41
5,0.500,164.54
6,0.600,154.84
7,0.700,174.07
8,0.800,162.98
9,0.900,166.04
10,1.000,168.15
11,1.100,167.94
12,1.200,173.19
13,1.300,169.82
14,1.400,159.68
15,1.500,164.53
16,1.600,157.33
17,1.700,171.13
18,1.800,166.59
19,1.900,156.54
20,2.000,168.98
21,2.100,175.01
22,2.200,164.11
23,2.300,146.88
24,2.400,172.33
25,2.500,162.76
26,2.600,155.77
27,2.700,159.75
28,2.800,155.71
29,2.900,147.03
30,3.000,161.25
31,3.100,160.96
32,3.200,160.08
33,3.300,156.20
34,3.400,155.27
35,3.500,156.32
36,3.600,160.06
37,3.700,159.72
38,3.800,154.22
39,3.900,150.84
40,4.000,157.30
41,4.100,164.36
42,4.200,160.68
43,4.300,147.22
44,4.400,156.34
45,4.500,154.51
46,4.600,153.77
47,4.700,170.13
48,4.800,156.45
49,4.900,162.32
50,5.000,173.10
51,5.100,163.95
52,5.200,161.54
53,5.300,151.51
54,5.400,151.89
55,5.500,151.39
56,5.600,151.76
57,5.700,161.75
58,5.800,148.64
59,5.900,151.10
60,6.000,154.76
61,6.100,150.31
62,6.200,149.09
63,6.300,149.93
64,6.400,163.86
65,6.500,160.34
66,6.600,155.36
67,6.700,148.43
68,6.800,151.04
69,6.900,158.77
70,7.000,158.22
71,7.100,155.27
72,7.200,156.30
73,7.300,159.87
74,7.400,158.62
75,7.500,157.68
76,7.600,150.61
77,7.700,151.40
78,7.800,149.27
79,7.900,163.16
80,8.000,161.73
81,8.100,165.18
82,8.200,167.47
83,8.300,156.33
84,8.400,162.04
85,8.500,149.47
86,8.600,152.19
87,8.700,153.42
88,8.800,158.56
89,8.900,152.99
90,9.000,159.40
91,9.100,159.23
92,9.200,160.21
93,9.300,148.08
94,9.400,160.47
95,9.500,155.42
96,9.600,160.95
97,9.700,159.03
98,9.800,162.35
99,9.900,168.13
100,10.000,165.95
101,10.100,150.39
102,10.200,160.73
103,10.300,162.54
104,10.400,156.06
105,10.500,158.62
106,10.600,160.26
107,10.700,170.83
108,10.800,151.96
109,10.900,166.00
110,11.000,161.16
111,11.100,158.60
112,11.200,158.77
113,11.300,164.34
114,11.400,171.35
115,11.500,162.96
116,11.600,167.94
117,11.700,150.40
118,11.800,159.57
119,11.900,157.66
120,12.000,156.64
121,12.100,151.44
122,12.200,154.98
123,12.300,150.99
124,12.400,150.74
125,12.500,155.98
126,12.600,153.60
127,12.700,156.27
128,12.800,150.76
129,12.900,160.01
130,13.000,161.93
131,13.100,161.79
132,13.200,165.31
133,13.300,152.31
134,13.400,158.83
135,13.500,153.39
136,13.600,157.72
137,13.700,158.44
138,13.800,155.51
139,13.900,161.43
140,14.000,160.48
141,14.100,161.15
142,14.200,165.12
143,14.300,159.82
144,14.400,156.26
145,14.500,150.29
146,14.600,151.23
147,14.700,153.61
148,14.800,157.27
149,14.900,161.98
150,15.000,162.16
151,15.100,168.99
152,15.200,164.51
153,15.300,167.97
154,15.400,155.87
155,15.500,164.63
156,15.600,165.37
157,15.700,164.35
158,15.800,156.52
159,15.900,139.57
160,16.000,155.42
161,16.100,169.18
162,16.200,163.87
163,16.300,154.60
164,16.400,160.01
165,16.500,162.21
166,16.600,157.62
167,16.700,161.70
168,16.800,166.71
169,16.900,163.34
170,17.000,163.29
171,17.100,157.16
172,17.200,160.64
173,17.300,163.07
174,17.400,159.93
175,17.500,162.61
176,17.600,150.21
177,17.700,158.94
178,17.800,153.89
179,17.900,169.43
180,18.000,165.29
181,18.100,160.34
182,18.200,157.47
183,18.300,161.77
184,18.400,159.75
185,18.500,161.00
186,18.600,161.43
187,18.700,169.89
188,18.800,163.63
189,18.900,162.89
190,19.000,160.23
191,19.100,160.10
192,19.200,164.62
193,19.300,169.84
194,19.400,159.13
195,19.500,155.00
196,19.600,163.36
197,19.700,167.68
198,19.800,157.11
199,19.900,163.38
200,20.000,154.84
201,20.100,161.47
202,20.200,164.01
203,20.300,172.91
204,20.400,164.29
205,20.500,161.96
206,20.600,160.04
207,20.700,165.03
208,20.800,162.89
209,20.900,165.51
210,21.000,160.90
211,21.100,169.03
212,21.200,151.85
213,21.300,154.22
214,21.400,161.65
215,21.500,144.13
216,21.600,157.90
217,21.700,158.73
218,21.800,165.67
219,21.900,163.39
220,22.000,172.96
221,22.100,160.42
222,22.200,169.06
223,22.300,162.38
224,22.400,166.98
225,22.500,164.31
226,22.600,166.23
227,22.700,170.00
228,22.800,166.25
229,22.900,159.47
230,23.000,159.22
231,23.100,152.04
232,23.200,163.76
233,23.300,161.81
234,23.400,164.66
235,23.500,155.21
236,23.600,152.47
237,23.700,160.89
238,23.800,168.75
239,23.900,156.01
240,24.000,158.24
241,24.100,161.34
242,24.200,160.20
243,24.300,150.64
244,24.400,160.24
245,24.500,157.96
246,24.600,158.97
247,24.700,157.61
248,24.800,165.69
249,24.900,153.10
250,25.000,167.44
251,25.100,167.20
252,25.200,153.29
253,25.300,163.27
254,25.400,149.90
255,25.500,159.53
256,25.600,161.27
257,25.700,156.51
258,25.800,169.86
259,25.900,155.51
260,26.000,154.37
261,26.100,154.11
262,26.200,162.13
263,26.300,166.94
264,26.400,153.18
265,26.500,147.21
266,26.600,150.92
267,26.700,157.99
268,26.800,155.28
269,26.900,165.96
270,27.000,173.49
271,27.100,166.05
272,27.200,163.00
273,27.300,161.19
274,27.400,162.33
275,27.500,167.07
276,27.600,159.21
277,27.700,163.93
278,27.800,158.09
279,27.900,164.47
280,28.000,154.42
281,28.100,160.66
282,28.200,145.89
283,28.300,149.33
284,28.400,156.36
285,28.500,159.02
286,28.600,155.08
287,28.700,174.62
288,28.800,140.27
289,28.900,142.42
290,29.000,150.01
291,29.100,152.48
292,29.200,148.36
293,29.300,144.65
294,29.400,150.99
295,29.500,157.69
296,29.600,151.22
297,29.700,147.97
298,29.800,163.12
299,29.900,165.23
300,30.000,165.02
301,30.100,152.91
302,30.200,166.09
303,30.300,157.12
304,30.400,154.84
305,30.500,161.93
306,30.600,167.88
307,30.700,170.13
308,30.800,155.00
309,30.900,154.10
310,31.000,157.81
311,31.100,156.74
312,31.200,156.43
313,31.300,168.57
314,31.400,163.15
315,31.500,166.42
316,31.600,160.82
317,31.700,154.43
318,31.800,165.76
319,31.900,153.44
320,32.000,151.65
321,32.100,158.17
322,32.200,156.58
323,32.300,149.90
324,32.400,155.56
325,32.500,163.93
326,32.600,162.04
327,32.700,160.03
328,32.800,157.59
329,32.900,157.75
330,33.000,160.79
331,33.100,160.46
332,33.200,157.75
333,33.300,160.23
334,33.400,164.51
335,33.500,158.23
336,33.600,147.23
337,33.700,149.57
338,33.800,152.07
339,33.900,154.83
340,34.000,167.66
341,34.100,162.33
342,34.200,162.92
343,34.300,159.08
344,34.400,169.33
345,34.500,162.02
346,34.600,146.94
347,34.700,157.49
348,34.800,167.79
349,34.900,164.89
350,35.000,147.56
351,35.100,153.28
352,35.200,152.82
353,35.300,162.79
354,35.400,157.14
355,35.500,162.39
356,35.600,168.28
357,35.700,154.89
358,35.800,155.32
359,35.900,168.38
360,36.000,152.60
361,36.100,160.12
362,36.200,154.99
363,36.300,151.98
364,36.400,144.06
365,36.500,155.51
366,36.600,153.33
367,36.700,155.19
368,36.800,152.15
369,36.900,155.36
370,37.000,146.80
371,37.100,161.06
372,37.200,151.02
373,37.300,148.51
374,37.400,155.56
375,37.500,155.96
376,37.600,153.48
377,37.700,151.54
378,37.800,162.59
379,37.900,152.84
380,38.000,160.17
381,38.100,150.71
382,38.200,155.14
383,38.300,151.28
384,38.400,150.46
385,38.500,143.60
386,38.600,147.33
387,38.700,164.65
388,38.800,147.50
389,38.900,139.69
390,39.000,157.81
391,39.100,145.63
392,39.200,160.69
393,39.300,151.25
394,39.400,158.29
395,39.500,165.96
396,39.600,156.34
397,39.700,155.60
398,39.800,151.96
399,39.900,157.06
400,40.000,147.60
401,40.100,149.15
402,40.200,149.88
403,40.300,150.13
404,40.400,169.49
405,40.500,161.99
406,40.600,151.29
407,40.700,143.91
408,40.800,156.46
409,40.900,153.36
410,41.000,153.73
411,41.100,149.16
412,41.200,152.31
413,41.300,145.17
414,41.400,159.95
415,41.500,148.32
416,41.600,156.59
417,41.700,143.24
418,41.800,147.54
419,41.900,148.63
420,42.000,145.43
421,42.100,167.49
422,42.200,152.42
423,42.300,146.97
424,42.400,160.19
425,42.500,159.24
426,42.600,150.11
427,42.700,147.69
428,42.800,147.47
429,42.900,155.50
430,43.000,150.17
431,43.100,156.84
432,43.200,145.72
433,43.300,131.53
434,43.400,139.64
435,43.500,140.53
436,43.600,139.88
437,43.700,144.93
438,43.800,143.41
439,43.900,153.15
440,44.000,141.76
441,44.100,142.45
442,44.200,146.14
443,44.300,155.64
444,44.400,138.75
445,44.500,149.61
446,44.600,153.82
447,44.700,142.93
448,44.800,154.38
449,44.900,147.15
450,45.000,140.67
451,45.100,155.51
452,45.200,163.82
453,45.300,158.32
454,45.400,161.11
455,45.500,154.47
456,45.600,153.35
457,45.700,154.03
458,45.800,151.86
459,45.900,146.35
460,46.000,152.35
461,46.100,156.93
462,46.200,159.44
463,46.300,165.65
464,46.400,163.84
465,46.500,149.43
466,46.600,156.79
467,46.700,154.55
468,46.800,153.14
469,46.900,158.09
470,47.000,154.09
471,47.100,149.41
472,47.200,158.45
473,47.300,150.84
474,47.400,153.88
475,47.500,150.91
476,47.600,155.87
477,47.700,157.42
478,47.800,154.90
479,47.900,149.42
480,48.000,156.43
481,48.100,152.55
482,48.200,144.72
483,48.300,151.25
484,48.400,157.53
485,48.500,146.24
486,48.600,146.50
487,48.700,140.53
488,48.800,143.94
489,48.900,148.09
490,49.000,145.66
491,49.100,145.83
492,49.200,156.67
493,49.300,154.34
494,49.400,145.04
495,49.500,150.24
496,49.600,152.87
497,49.700,149.10
498,49.800,147.89
499,49.900,151.60
500,50.000,145.60
501,50.100,145.27
502,50.200,142.45
503,50.300,152.26
504,50.400,138.34
505,50.500,135.64
506,50.600,150.35
507,50.700,149.62
508,50.800,145.30
509,50.900,148.14
510,51.000,146.87
511,51.100,137.61
512,51.200,149.48
513,51.300,139.61
514,51.400,143.24
515,51.500,135.85
516,51.600,142.27
517,51.700,149.35
518,51.800,142.92
519,51.900,145.28
520,52.000,142.81
521,52.100,141.86
522,52.200,153.76
523,52.300,144.60
524,52.400,143.84
525,52.500,135.40
526,52.600,142.40
527,52.700,145.61
528,52.800,146.53
529,52.900,142.83
530,53.000,145.34
531,53.100,146.01
532,53.200,148.93
533,53.300,140.93
534,53.400,142.84
535,53.500,151.92
536,53.600,159.44
537,53.700,140.47
538,53.800,147.12
539,53.900,146.52
540,54.000,139.91
541,54.100,143.89
542,54.200,145.41
543,54.300,145.17
544,54.400,150.45
545,54.500,145.34
546,54.600,145.44
547,54.700,153.68
548,54.800,143.04
549,54.900,148.49
550,55.000,152.96
551,55.100,152.13
552,55.200,154.45
553,55.300,153.82
554,55.400,165.73
555,55.500,144.34
556,55.600,151.29
557,55.700,156.23
558,55.800,167.16
559,55.900,152.50
560,56.000,157.00
561,56.100,154.01
562,56.200,161.84
563,56.300,142.35
564,56.400,147.36
565,56.500,151.57
566,56.600,157.12
567,56.700,161.05
568,56.800,151.94
569,56.900,155.17
570,57.000,149.70
571,57.100,157.78
572,57.200,154.10
573,57.300,158.03
574,57.400,153.04
575,57.500,156.81
576,57.600,150.95
577,57.700,144.36
578,57.800,159.83
579,57.900,144.18
580,58.000,148.42
581,58.100,151.58
582,58.200,145.37
583,58.300,149.14
584,58.400,155.03
585,58.500,151.09
586,58.600,145.68
587,58.700,140.12
588,58.800,148.74
589,58.900,153.91
590,59.000,151.65
591,59.100,150.05
592,59.200,145.89
593,59.300,159.40
594,59.400,145.36
595,59.500,145.79
596,59.600,153.84
597,59.700,153.11
598,59.800,157.51
599,59.900,148.22
600,60.000,160.65
601,60.100,160.59
602,60.200,148.60
603,60.300,147.63
604,60.400,151.45
605,60.500,146.42
606,60.600,144.36
607,60.700,149.26
608,60.800,146.20
609,60.900,149.61
610,61.000,150.55
611,61.100,151.74
612,61.200,155.15
613,61.300,146.95
614,61.400,161.61
615,61.500,148.25
616,61.600,148.52
617,61.700,152.71
618,61.800,145.69
619,61.900,147.99
620,62.000,149.07
621,62.100,143.99
622,62.200,140.53
623,62.300,151.69
624,62.400,146.02
625,62.500,146.82
626,62.600,148.16
627,62.700,151.07
628,62.800,147.47
629,62.900,158.14
630,63.000,145.76
631,63.100,156.84
632,63.200,157.39
633,63.300,147.32
634,63.400,160.37
635,63.500,150.34
636,63.600,150.81
637,63.700,166.60
638,63.800,153.74
639,63.900,144.65
640,64.000,147.05
641,64.100,155.11
642,64.200,148.88
643,64.300,145.91
644,64.400,143.91
645,64.500,156.65
646,64.600,143.29
647,64.700,143.81
648,64.800,139.81
649,64.900,154.05
650,65.000,147.13
651,65.100,149.87
652,65.200,150.95
653,65.300,158.47
654,65.400,148.86
655,65.500,145.11
656,65.600,158.81
657,65.700,147.93
658,65.800,148.35
659,65.900,151.80
660,66.000,154.92
661,66.100,144.54
662,66.200,154.44
663,66.300,155.87
664,66.400,147.30
665,66.500,144.62
666,66.600,153.15
667,66.700,145.34
668,66.800,147.48
669,66.900,141.36
670,67.000,154.43
671,67.100,144.38
672,67.200,158.27
673,67.300,146.46
674,67.400,143.16
675,67.500,148.91
676,67.600,143.82
677,67.700,149.03
678,67.800,146.22
679,67.900,153.26
680,68.000,155.07
681,68.100,157.03
682,68.200,148.31
683,68.300,148.17
684,68.400,151.87
685,68.500,154.23
686,68.600,156.22
687,68.700,145.66
688,68.800,143.89
689,68.900,157.04
690,69.000,158.48
691,69.100,141.38
692,69.200,146.70
693,69.300,147.16
694,69.400,151.81
695,69.500,164.93
696,69.600,144.48
697,69.700,151.69
698,69.800,150.50
699,69.900,140.43
700,70.000,145.29
701,70.100,154.02
702,70.200,159.51
703,70.300,141.99
704,70.400,148.46
705,70.500,149.25
706,70.600,150.18
707,70.700,146.80
708,70.800,142.35
709,70.900,157.55
710,71.000,148.09
711,71.100,149.75
712,71.200,151.27
713,71.300,151.40
714,71.400,144.70
715,71.500,154.02
716,71.600,146.03
717,71.700,156.82
718,71.800,144.92
719,71.900,145.17
720,72.000,144.91
721,72.100,156.01
722,72.200,157.60
723,72.300,151.05
724,72.400,142.59
725,72.500,145.97
726,72.600,155.04
727,72.700,148.24
728,72.800,146.83
729,72.900,145.03
730,73.000,142.91
731,73.100,149.97
732,73.200,149.29
733,73.300,136.86
734,73.400,144.48
735,73.500,158.34
736,73.600,157.12
737,73.700,135.49
738,73.800,141.10
739,73.900,141.10
740,74.000,158.64
741,74.100,150.38
742,74.200,159.24
743,74.300,173.05
744,74.400,157.87
745,74.500,160.13
746,74.600,151.14
747,74.700,149.94
748,74.800,152.12
749,74.900,158.49
750,75.000,149.74
751,75.100,146.64
752,75.200,155.53
753,75.300,163.67
754,75.400,164.41
755,75.500,152.06
756,75.600,167.35
757,75.700,163.36
758,75.800,171.68
759,75.900,149.47
760,76.000,150.04
761,76.100,147.28
762,76.200,140.21
763,76.300,150.58
764,76.400,142.77
765,76.500,132.15
766,76.600,149.44
767,76.700,155.20
768,76.800,153.85
769,76.900,155.69
770,77.000,143.30
771,77.100,150.93
772,77.200,146.35
773,77.300,154.94
774,77.400,156.43
775,77.500,159.21
776,77.600,142.10
777,77.700,149.85
778,77.800,160.87
779,77.900,150.34
780,78.000,154.59
781,78.100,150.26
782,78.200,149.20
783,78.300,151.24
784,78.400,154.58
785,78.500,149.39
786,78.600,158.38
787,78.700,157.56
788,78.800,159.18
789,78.900,155.40
790,79.000,149.94
791,79.100,157.56
792,79.200,161.68
793,79.300,138.10
794,79.400,152.14
795,79.500,145.45
796,79.600,159.32
797,79.700,148.67
798,79.800,149.84
799,79.900,156.83
800,80.000,142.44
801,80.100,150.65
802,80.200,144.12
803,80.300,145.22
804,80.400,148.22
805,80.500,153.77
806,80.600,148.33
807,80.700,154.72
808,80.800,156.12
809,80.900,-179.53
810,81.000,154.11
811,81.100,157.75
812,81.200,162.70
813,81.300,161.04
814,81.400,149.32
815,81.500,155.57
816,81.600,150.40
817,81.700,161.36
818,81.800,153.76
819,81.900,150.29
820,82.000,160.64
821,82.100,153.25
822,82.200,153.56
823,82.300,147.64
824,82.400,146.60
825,82.500,143.39
826,82.600,149.68
827,82.700,152.71
828,82.800,152.95
829,82.900,151.62
830,83.000,160.52
831,83.100,165.67
832,83.200,144.58
833,83.300,144.94
834,83.400,163.51
835,83.500,167.81
836,83.600,145.01
837,83.700,145.60
838,83.800,152.70
839,83.900,149.45
840,84.000,152.15
841,84.100,151.47
842,84.200,139.65
843,84.300,145.65
844,84.400,155.94
845,84.500,154.60
846,84.600,146.83
847,84.700,144.05
848,84.800,159.88
849,84.900,147.12
850,85.000,148.17
851,85.100,154.40
852,85.200,148.09
853,85.300,150.74
854,85.400,145.84
855,85.500,151.92
856,85.600,144.53
857,85.700,150.44
858,85.800,160.48
859,85.900,146.24
860,86.000,148.27
861,86.100,143.65
862,86.200,148.36
863,86.300,148.64
864,86.400,158.65
865,86.500,152.91
866,86.600,141.70
867,86.700,154.54
868,86.800,156.32
869,86.900,145.87
870,87.000,146.89
871,87.100,147.69
872,87.200,152.27
873,87.300,153.78
874,87.400,151.59
875,87.500,149.54
876,87.600,152.13
877,87.700,157.97
878,87.800,163.19
879,87.900,148.69
880,88.000,133.29
881,88.100,160.11
882,88.200,150.25
883,88.300,148.42
884,88.400,156.06
885,88.500,146.93
886,88.600,168.11
887,88.700,144.83
888,88.800,154.02
889,88.900,150.39
890,89.000,167.30
891,89.100,151.79
892,89.200,157.34
893,89.300,154.46
894,89.400,157.02
895,89.500,151.82
896,89.600,156.81
897,89.700,151.72
898,89.800,154.84
899,89.900,160.83
900,90.000,161.17
901,90.100,145.67
902,90.200,163.24
903,90.300,160.37
904,90.400,157.12
905,90.500,157.18
906,90.600,155.77
907,90.700,158.81
908,90.800,158.73
909,90.900,154.72
910,91.000,152.04
911,91.100,148.10
912,91.200,158.58
913,91.300,155.16
914,91.400,153.53
915,91.500,152.97
916,91.600,149.79
917,91.700,150.90
918,91.800,147.32
919,91.900,153.71
920,92.000,147.13
921,92.100,153.73
922,92.200,147.06
923,92.300,156.96
924,92.400,160.69
925,92.500,157.20
926,92.600,159.26
927,92.700,157.35
928,92.800,151.97
929,92.900,170.57
930,93.000,158.26
931,93.100,158.05
932,93.200,156.43
933,93.300,147.53
934,93.400,148.80
935,93.500,165.21
936,93.600,147.56
937,93.700,161.49
938,93.800,154.17
939,93.900,151.44
940,94.000,140.59
941,94.100,146.56
942,94.200,153.65
943,94.300,144.66
944,94.400,140.38
945,94.500,148.52
946,94.600,156.50
947,94.700,145.07
948,94.800,145.40
949,94.900,154.54
950,95.000,153.98
951,95.100,147.31
952,95.200,149.09
953,95.300,149.00
954,95.400,148.28
955,95.500,136.25
956,95.600,147.34
957,95.700,156.40
958,95.800,151.55
959,95.900,156.27
960,96.000,146.92
961,96.100,152.71
962,96.200,148.39
963,96.300,150.81
964,96.400,145.49
965,96.500,147.38
966,96.600,153.43
967,96.700,146.41
968,96.800,147.87
969,96.900,156.78
970,97.000,148.65
971,97.100,143.17
972,97.200,155.94
973,97.300,153.01
974,97.400,140.28
975,97.500,153.15
976,97.600,154.08
977,97.700,152.13
978,97.800,141.15
979,97.900,152.36
980,98.000,149.47
981,98.100,152.89
982,98.200,157.56
983,98.300,147.47
984,98.400,145.72
985,98.500,146.43
986,98.600,149.27
987,98.700,153.25
988,98.800,145.59
989,98.900,147.69
990,99.000,147.66
991,99.100,137.15
992,99.200,159.15
993,99.300,150.90
994,99.400,150.98
995,99.500,146.07
996,99.600,149.44
997,99.700,152.07
998,99.800,150.29
999,99.900,151.06
