data_id,db,task,key,smiles,tag,filename,i_repeat,cfd_traj,cfd_pos,cfd_node,cfd_edge
limk2_arm1_A_activator_dfg,use,sbdd,,c1ccc(Cc2[nH]ncc2-c2ccc(Nc3ncc(-c4nn[nH]n4)c[nH+]3)cc2)cc1,,0.sdf,0,1.6824733018875122,2.6031423,15.145925,19.621817
limk2_arm1_A_activator_dfg,use,sbdd,,O=c1cc2nc(-c3ccc(O)cc3)oc2nn1Cc1ccccc1,,1.sdf,0,1.5221199989318848,2.527146,15.082149,19.183353
limk2_arm1_A_activator_dfg,use,sbdd,,O=c1nc(-c2ccc(F)cc2)[nH]cc1C=Cc1cccc(Oc2nccc[nH+]2)c1,,2.sdf,0,1.6591579914093018,2.4982188,15.254117,19.407406
limk2_arm1_A_activator_dfg,use,sbdd,,O=C(O)c1cc(C2=CC=C3C=CC(c4cnc(-c5ccccc5)[nH]4)=CC=C3N2)[nH]n1,,3.sdf,0,1.466903805732727,2.585115,15.521201,19.233496
limk2_arm1_A_activator_dfg,use,sbdd,,Oc1ccc(CCc2ncccc2Cc2cncc(-c3cnccn3)c2)cc1,,4.sdf,0,1.4619046449661257,2.5795658,15.123512,19.556494
limk2_arm1_A_activator_dfg,use,sbdd,,Cc1c(-c2cccc(Cc3c[nH+]n(C)c3)c2)n[nH]c1-c1ccc(C(N)=O)cc1,,5.sdf,0,1.4415524005889893,2.5491173,15.3433695,19.240244
limk2_arm1_A_activator_dfg,use,sbdd,,O=C(C=C1CC2Cc3ccccc3[NH+]2C1=O)Nc1ccc(-c2nn[nH]n2)cc1,,6.sdf,0,1.6310943365097046,2.4597487,15.866477,19.465223
limk2_arm1_A_activator_dfg,use,sbdd,,Fc1cc(-c2cnccn2)cnc1Nc1cnc(-c2cnccn2)cn1,,7.sdf,0,1.4918819665908811,2.6086252,15.149693,19.434216
limk2_arm1_A_activator_dfg,use,sbdd,,O=C(C=Cc1ccccc1)N1CCCC(c2cc(-c3ccccn3)no2)CC1,,8.sdf,0,1.5311015844345093,2.5784972,16.406185,19.424006
limk2_arm1_A_activator_dfg,use,sbdd,,CC(=O)Nc1ccc(Oc2ccnc(C#Cc3nnc4ccccc4n3)c2)cc1,,9.sdf,0,1.7142361402511597,2.5987031,16.80813,19.430687
limk2_arm1_A_activator_dfg,use,sbdd,,FC(F)(F)c1ccc(Oc2cc3c(c[nH+]2)CCC(c2nc4cnc[nH]c-4n2)C3)cc1,,10.sdf,0,1.524350881576538,2.5966713,14.989209,19.429733
limk2_arm1_A_activator_dfg,use,sbdd,,CN1CCc2cc(N3Cc4nnc(-c5ccccc5)cc4C3=O)ccc21,,11.sdf,0,1.4547885656356812,2.6980517,16.88879,19.439077
limk2_arm1_A_activator_dfg,use,sbdd,,O=C(CCCc1ccccc1)Nc1cccc(Cn2cc(-c3ccccc3)nn2)c1,,12.sdf,0,1.5986541509628296,2.6285422,16.68249,19.566265
limk2_arm1_A_activator_dfg,use,sbdd,,O=c1[nH]cnc2nc(C#Cc3ccccc3)nc(Nc3ccc(F)cc3)c12,,13.sdf,0,1.6360927820205688,2.580128,15.446923,19.452396
limk2_arm1_A_activator_dfg,use,sbdd,,Cc1[nH]c(-c2ccc(O)cc2)cc1Cc1ccc(Oc2ccccc2)[nH+]c1,,14.sdf,0,1.543001413345337,2.5561917,14.5360365,19.432549
limk2_arm1_A_activator_dfg,use,sbdd,,Cn1[nH+]c(-c2ccc(-c3ccc[nH+]c3)[nH+]c2)cc1-c1cc(-c2cc[nH+]cc2)n[nH]1,,15.sdf,0,1.583045482635498,2.5892477,15.061664,19.1836
limk2_arm1_A_activator_dfg,use,sbdd,,Oc1ccc(-c2cc(Oc3ccc(-c4cnccn4)cc3)ccn2)cc1O,,16.sdf,0,1.480971336364746,2.5836985,16.105453,19.45231
limk2_arm1_A_activator_dfg,use,sbdd,,O=C(Nc1ccc(-c2ncc(-c3nn[nH]n3)c[nH+]2)cc1)c1cc[nH]c1,,17.sdf,0,1.6626441478729248,2.4776726,15.929069,19.389523
limk2_arm1_A_activator_dfg,use,sbdd,,O=C(O)c1ccc(OS(=O)(=O)N2CCCC(c3ccccc3)C2)cc1,,18.sdf,0,1.4008684158325195,2.4732537,15.780227,19.249046
limk2_arm1_A_activator_dfg,use,sbdd,,O=C(c1ccc(O)c(O)c1)c1ccc2nc(-c3ccccc3)[nH]c2c1,,19.sdf,0,1.4560940265655518,2.6080213,16.827513,19.387524
limk2_arm1_A_activator_dfg,use,sbdd,,O=C(Nc1ccc2cc3c(NCCO)ncnc3cc2c1)c1ccccc1,,20.sdf,0,1.4502567052841189,2.5374634,16.142553,19.19368
limk2_arm1_A_activator_dfg,use,sbdd,,c1cnnc(-c2cccc(-c3cncc(-c4cnc(-c5cnccn5)nc4)c3)n2)c1,,21.sdf,0,1.8073828220367432,2.7026331,15.1493025,19.620703
limk2_arm1_A_activator_dfg,use,sbdd,,c1ccc(Nc2ccc(N3CCc4c(cnc5cnccc45)C3)nn2)nc1,,22.sdf,0,1.5439534187316897,2.6797693,15.897567,19.260756
limk2_arm1_A_activator_dfg,use,sbdd,,Cc1nc2[nH]c3ccccc3nc-2c1C1=CC=[N+]2C1=NN=C2c1nn[nH]n1,,23.sdf,0,1.418891191482544,2.6062882,14.76735,18.78701
limk2_arm1_A_activator_dfg,use,sbdd,,O=C(Nc1ccc2nccnc2c1)c1ccc(-c2ccccc2)cc1,,24.sdf,0,1.6373599767684937,2.668808,16.062504,19.296282
limk2_arm1_A_activator_dfg,use,sbdd,,Nc1cc(F)ccc1-c1ccnc2cc(-c3ccc(C(=O)O)cc3)ccc12,,25.sdf,0,1.791860818862915,2.638121,15.561546,19.21091
limk2_arm1_A_activator_dfg,use,sbdd,,Fc1ccc(-c2ccc(-c3ccc4ncc(CCc5ccccc5)nc4c3)nn2)cc1,,26.sdf,0,1.66986083984375,2.6320903,15.593083,19.335186
limk2_arm1_A_activator_dfg,use,sbdd,,c1cc2c(C3CCCCN(c4ncc(-c5cncnn5)nn4)C3)ccnc2cn1,,27.sdf,0,1.5377117395401,2.5580745,15.062368,19.12181
limk2_arm1_A_activator_dfg,use,sbdd,,Fc1cnccc1-c1ccc(Nc2ncc(-c3ccncc3)nn2)cc1,,28.sdf,0,1.7054204940795898,2.6752725,15.184801,19.575054
limk2_arm1_A_activator_dfg,use,sbdd,,c1cncc(-c2ccc(-c3cc4cc(-c5ccncn5)cnc4o3)nn2)c1,,29.sdf,0,1.7299392223358154,2.568149,15.336346,19.052734
limk2_arm1_A_activator_dfg,use,sbdd,,OC(=Nc1ccc(OCc2ccccn2)cc1)c1ccc(-c2cnccn2)cc1,,30.sdf,0,1.5727739334106443,2.4967062,15.388407,19.433458
limk2_arm1_A_activator_dfg,use,sbdd,,O=c1nc(-c2ccc3[nH]c4ccncc4c3c2)cc(-c2ccccc2)[nH]1,,31.sdf,0,1.627719759941101,2.6244586,15.610496,19.043524
limk2_arm1_A_activator_dfg,use,sbdd,,Oc1ccc(CCNc2c(O)cc3c(c2O)CCCN(Cc2ccccc2)C3)cn1,,32.sdf,0,1.3973199129104614,2.597346,15.618972,19.429968
limk2_arm1_A_activator_dfg,use,sbdd,,c1ccc(-c2cc(-c3cccnc3)nc(-c3ccc(-c4ccccn4)nc3)n2)cc1,,33.sdf,0,1.5440809726715088,2.7446144,9.813921,18.720154
limk2_arm1_A_activator_dfg,use,sbdd,,c1ccc2c(c1)ccc1c(-c3ccc(N4CCCNCC4)cc3)ncnc12,,34.sdf,0,1.7300540208816528,2.605937,15.653106,18.973991
limk2_arm1_A_activator_dfg,use,sbdd,,Cc1cnc(-c2ccc(C=NC(=O)c3cnc4cc(O)ccc4c3C)cn2)cn1,,35.sdf,0,1.6500202417373655,2.6049876,15.1847725,19.228466
limk2_arm1_A_activator_dfg,use,sbdd,,c1ccc(OC(CNCc2cccc3ncc[nH+]c23)c2nn[nH]n2)cc1,,36.sdf,0,1.4925602674484253,2.6541498,16.065285,19.401066
limk2_arm1_A_activator_dfg,use,sbdd,,O=C(c1ccc(-c2nc3c[nH]c(-c4cccc[nH+]4)nc-3n2)cc1)c1ccc[nH+]c1,,37.sdf,0,1.716413140296936,2.6982036,15.636912,19.455132
limk2_arm1_A_activator_dfg,use,sbdd,,O=C(c1cnc2[nH]cncc-2c1=O)N1CC2CN(c3ccccc3)CC2C1,,38.sdf,0,1.6525553464889526,2.6355577,15.822034,19.585567
limk2_arm1_A_activator_dfg,use,sbdd,,C1=CC2=NC(c3nc4cccccc-4[nH+]3)=CNC2=CC=C1c1ccc[nH+]c1,,39.sdf,0,1.4241697788238523,2.6260912,15.246146,19.103971
limk2_arm1_A_activator_dfg,use,sbdd,,COc1cnc(Nc2ccc(Cc3n[nH]nc3-c3cc[nH+]cc3)c[nH+]2)[nH+]c1,,40.sdf,0,1.4180264472961426,2.606432,15.294884,19.572222
limk2_arm1_A_activator_dfg,use,sbdd,,c1cc(-c2ccc(-c3cc4nc(-c5ccncc5)ccn4n3)nc2)ccn1,,41.sdf,0,1.7501590251922607,2.649787,15.480664,19.126211
limk2_arm1_A_activator_dfg,use,sbdd,,c1c[nH+]cc(-c2ncc(-c3n[nH+]c(-c4cc(-c5ccnc[nH+]5)n[nH]4)o3)c[nH+]2)c1,,42.sdf,0,1.5201839208602903,2.517125,15.396056,19.30121
limk2_arm1_A_activator_dfg,use,sbdd,,Nc1cc(-c2ccnc(N)n2)cc(-c2ccc(CN3CCOCC3)cc2)n1,,43.sdf,0,1.7257165908813477,2.6092331,15.728843,19.407564
limk2_arm1_A_activator_dfg,use,sbdd,,Nc1nccnc1-c1ccc(-c2ncc(-c3ccccn3)nn2)cc1,,44.sdf,0,1.6647834777832031,2.679976,15.875458,19.312372
limk2_arm1_A_activator_dfg,use,sbdd,,c1cncc(N2CCc3ncc4cc5nc6ccccc6nc5cc4c3C2)c1,,45.sdf,0,1.6884143352508545,2.6072917,15.044686,18.972061
limk2_arm1_A_activator_dfg,use,sbdd,,O=C(c1ccc(Oc2ccccc2)cc1)c1cncc(-c2cccnc2)c1,,46.sdf,0,1.700433373451233,2.6194377,16.001797,19.509262
limk2_arm1_A_activator_dfg,use,sbdd,,Oc1n(CCc2cc[nH+]cn2)c2cncnc2[n+]1Cc1cccc(F)c1,,47.sdf,0,1.4588665962219238,2.5222235,14.800495,19.17765
limk2_arm1_A_activator_dfg,use,sbdd,,Cn1cc(C(=O)N2CCC(c3ccc(O)cc3)CC2)c2nc3ccccc3cc21,,48.sdf,0,1.547895073890686,2.5978656,15.884861,19.142025
limk2_arm1_A_activator_dfg,use,sbdd,,COc1ccc(C2=CC3=[N+](Cc4cccc(F)c4)C(=O)NC(=O)C3=N2)cc1O,,49.sdf,0,1.5971242189407349,2.5258949,15.8474865,19.240143
limk2_arm1_A_activator_dfg,use,sbdd,,Cn1cc2c(N3CCC4CN(c5ccc(-c6ncccn6)nc5)CC4C3)ncnc2n1,,50.sdf,0,1.4101355075836182,2.6146998405456543,15.44688892364502,19.411487579345703
limk2_arm1_A_activator_dfg,use,sbdd,,C1=C(c2ccc3nnccc3c2)c2ncc3c(nn4cncc34)c2=C1,,51.sdf,0,1.515858769416809,2.612684726715088,15.105110168457031,18.71925926208496
limk2_arm1_A_activator_dfg,use,sbdd,,Oc1ccc(Cc2ccc(-c3ccc4ccccc4c3)c(O)c2)cc1,,52.sdf,0,1.695276975631714,2.5940399169921875,15.146459579467772,19.14274024963379
limk2_arm1_A_activator_dfg,use,sbdd,,Cc1n[nH]c2nc(-c3ccc(Cn4cc(-c5ccccc5)n[nH+]4)cc3)cn12,,53.sdf,0,1.649142861366272,2.6070337295532227,15.719944953918455,19.454160690307617
limk2_arm1_A_activator_dfg,use,sbdd,,O=C(O)CCc1ccc2cc(-c3cccc(Oc4ccccn4)c3)cnc2c1,,54.sdf,0,1.4863061904907229,2.6259398460388184,16.44840431213379,19.357267379760746
limk2_arm1_A_activator_dfg,use,sbdd,,COc1ccc(C(=O)N2CC(c3cnc4ccccc4n3)C2)cc1,,55.sdf,0,1.6239635944366455,2.615689516067505,16.514127731323242,19.30685234069824
limk2_arm1_A_activator_dfg,use,sbdd,,O=C(Nc1ccc2c(C(O)=Nc3nnn[nH]3)cc[nH+]c2c1)Nc1cccc[nH+]1,,56.sdf,0,1.4224443435668943,2.5723555088043213,16.052593231201172,19.407865524291992
limk2_arm1_A_activator_dfg,use,sbdd,,NC(=O)c1ccc2c(c1)CC=C(c1[nH+]c(-c3n[nH]c(-c4cccc(F)c4)n3)cs1)N2,,57.sdf,0,1.6384891271591189,2.5826287269592285,15.71615505218506,19.521026611328125
limk2_arm1_A_activator_dfg,use,sbdd,,,bad,58-bad.sdf,0,1.734227180480957,2.5704331398010254,15.269038200378418,19.339427947998047
limk2_arm1_A_activator_dfg,use,sbdd,,Cc1ccnc(=Nc2ccc(OCc3ccc(C(=O)NCc4ccccc4)cc3)[nH+]c2)[nH]1,,59.sdf,0,1.4259707927703855,2.579667329788208,15.881319999694824,19.678333282470703
limk2_arm1_A_activator_dfg,use,sbdd,,O=c1c(CNc2ccc([N+](=O)O)cn2)ccnn1Cc1ccc(-c2nnn[nH]2)cc1,,60.sdf,0,1.6311848163604736,2.604174852371216,15.785829544067385,19.538654327392575
limk2_arm1_A_activator_dfg,use,sbdd,,Nc1cnc(Oc2cccnc2)cc1OC1CC2(O)CCC3CC2CC31,,61.sdf,0,1.357966423034668,2.4182240962982178,9.620105743408203,17.335922241210938
limk2_arm1_A_activator_dfg,use,sbdd,,O=c1ccc(-c2ccc(-c3ccc(C#Cc4ccccc4)cc3)[nH+]c2)n[nH]1,,62.sdf,0,1.6497673988342283,2.6437056064605717,16.131446838378906,19.619441986083984
limk2_arm1_A_activator_dfg,use,sbdd,,O=C(c1ccc(Oc2cccnc2)cc1O)N1CCC(c2ccc(O)cn2)C1,,63.sdf,0,1.4892021417617798,2.608243942260742,16.274417877197266,19.43589401245117
limk2_arm1_A_activator_dfg,use,sbdd,,c1cnc(Nc2ccc(-n3cnc(-c4ccc(-c5ncccn5)cc4)c3)cc2)nc1,,64.sdf,0,1.6084480285644531,2.5655133724212646,16.136438369750977,19.68077850341797
limk2_arm1_A_activator_dfg,use,sbdd,,c1ccc(CCc2ccc(Nc3cc(-c4ccccn4)ncn3)cc2)nc1,,65.sdf,0,1.6641026735305786,2.554637670516968,15.244586944580078,19.371013641357425
limk2_arm1_A_activator_dfg,use,sbdd,,Nc1ccc2c(Nc3cccc(C(=O)Nc4ccccc4F)c3)cccc2n1,,66.sdf,0,1.6139426231384275,2.572720050811768,15.94735050201416,19.37135124206543
limk2_arm1_A_activator_dfg,use,sbdd,,c1nc(-c2noc(-c3ccc4[nH+]c(-c5cc[nH+]cn5)cnc4c3)[nH+]2)c[nH]1,,67.sdf,0,1.616240382194519,2.606263399124145,16.146595001220703,19.302892684936523
limk2_arm1_A_activator_dfg,use,sbdd,,O=C(O)CCc1cccc2cc(CN3CCN(c4ccc(O)cn4)CC3)ccc12,,68.sdf,0,1.484599471092224,2.488328456878662,15.781634330749512,19.017065048217773
limk2_arm1_A_activator_dfg,use,sbdd,,c1ccc(-c2nc3cc(C4CCOc5[nH+]cccc5O4)ccc3[nH]2)[nH+]c1,,69.sdf,0,1.4976861476898191,2.6107282638549805,16.075489044189453,19.175048828125
limk2_arm1_A_activator_dfg,use,sbdd,,CC(C(=O)NCCc1ccc(O)nc1)c1ccc(-c2ncccn2)cn1,,70.sdf,0,1.4215476512908936,2.549767017364502,15.415729522705078,19.25818634033203
limk2_arm1_A_activator_dfg,use,sbdd,,O=C(Nc1ccc2nn[nH]c2c1)c1csc(Nc2ccc3[nH+]cccc3c2)[nH+]1,,71.sdf,0,1.6410897970199585,2.5525097846984863,15.691494941711426,19.37824058532715
limk2_arm1_A_activator_dfg,use,sbdd,,O=C(Nc1ccc(-c2nccc[nH+]2)c[nH+]1)c1cccc(-c2nn[nH]n2)c1,,72.sdf,0,1.6757404804229736,2.6214449405670166,16.280799865722656,19.466196060180664
limk2_arm1_A_activator_dfg,use,sbdd,,NC(=O)c1ccc(Oc2cc3nc4ncnccc-4c3cc2O)cc1,,73.sdf,0,1.4661859273910522,2.625765800476074,16.49311065673828,19.22745513916016
limk2_arm1_A_activator_dfg,use,sbdd,,Cc1ncc(-c2ccnc(N3CCN(c4ccc5ncncc5n4)CC3)n2)cn1,,74.sdf,0,1.60314679145813,2.548614501953125,15.223450660705566,19.008405685424805
limk2_arm1_A_activator_dfg,use,sbdd,,,bad,75-bad.sdf,0,1.517731785774231,2.520457029342652,15.8814115524292,19.013914108276367
limk2_arm1_A_activator_dfg,use,sbdd,,O=C(O)c1ccc(-c2cc(C(=O)Nc3ncc(-c4ccccc4)s3)ccn2)cc1,,76.sdf,0,1.723118543624878,2.535919427871704,15.830126762390137,19.61721611022949
limk2_arm1_A_activator_dfg,use,sbdd,,O=C(c1ccncc1)c1ccnc2nc(OCc3cccnc3)ccc12,,77.sdf,0,1.6986000537872314,2.580019474029541,15.569472312927246,19.34116744995117
limk2_arm1_A_activator_dfg,use,sbdd,,O=C(O)c1ccc(N2CCCN(c3cc(-c4ccc(F)cc4)ncn3)CC2)nc1,,78.sdf,0,1.412954807281494,2.4713659286499023,14.968670845031738,18.9736385345459
limk2_arm1_A_activator_dfg,use,sbdd,,Cc1ccc(N2CCN(c3ccnc4nc(-c5ccccc5)ccc34)C2=O)cn1,,79.sdf,0,1.6870388984680176,2.702923059463501,15.724568367004396,19.36289596557617
limk2_arm1_A_activator_dfg,use,sbdd,,c1cnc2ncc(N3CCCC(c4cc(-c5ccnnn5)ccn4)C3)cc2c1,,80.sdf,0,1.4738775491714478,2.6726174354553223,15.42432975769043,19.22552299499512
limk2_arm1_A_activator_dfg,use,sbdd,,O=C(Nc1ccc2c(Nc3cccnc3)ccnc2n1)c1cccnc1,,81.sdf,0,1.7057803869247437,2.616597890853882,15.587320327758787,19.351219177246094
limk2_arm1_A_activator_dfg,use,sbdd,,Fc1ccc2c(C3CCN(c4ccc5c[nH+]ccc5n4)CC3)c[nH]c2c1,,82.sdf,0,1.6939347982406616,2.5477006435394287,14.898097038269045,19.00104713439941
limk2_arm1_A_activator_dfg,use,sbdd,,c1ccc(-n2ccc(-c3cnc(-c4ccc5c(c4)[nH]c4c[nH+]ccc45)[nH+]c3)[nH+]2)cc1,,83.sdf,0,1.7317410707473757,2.6078381538391118,15.755975723266602,19.212024688720703
limk2_arm1_A_activator_dfg,use,sbdd,,Cc1ncc(-c2ncnc3nc(-c4ccc(Cc5ccnnc5)cn4)nnc23)cn1,,84.sdf,0,1.6719906330108645,2.5739190578460693,14.24123191833496,19.23958396911621
limk2_arm1_A_activator_dfg,use,sbdd,,c1ccc(-c2ccc(-c3cc(-c4cccc(-c5nnn[nH]5)c4)n[nH]3)c[nH+]2)[nH+]c1,,85.sdf,0,1.729781150817871,2.604796886444092,15.361172676086426,19.527597427368164
limk2_arm1_A_activator_dfg,use,sbdd,,O=C(O)c1ccc(C2=NNC=Nc3c2ccn3Cc2ccccc2)c(F)c1,,86.sdf,0,1.5436396598815918,2.531268835067749,9.42147731781006,17.956562042236328
limk2_arm1_A_activator_dfg,use,sbdd,,O=C(O)c1ccc(Oc2ncccc2Cc2ccc(-n3cncn3)cc2)cc1,,87.sdf,0,1.7338331937789917,2.5524463653564453,15.838083267211914,19.48341560363769
limk2_arm1_A_activator_dfg,use,sbdd,,C[n+]1nc(C(=O)Nc2ccccc2)cc(C(=O)NCc2ccc[nH+]c2)c1O,,88.sdf,0,1.4913831949234009,2.503009557723999,15.747851371765137,19.530736923217773
limk2_arm1_A_activator_dfg,use,sbdd,,Nc1ccc2c(-c3ccc(-c4ncc(-c5cccnc5)nn4)cc3)ccnc2n1,,89.sdf,0,1.7579783201217651,2.6171998977661133,15.451837539672852,19.31679916381836
limk2_arm1_A_activator_dfg,use,sbdd,,c1ccc(-c2ccc(-c3cc4ccc5cncnc5c4nn3)nn2)cc1,,90.sdf,0,1.7608575820922852,2.6918487548828125,16.013614654541016,19.039533615112305
limk2_arm1_A_activator_dfg,use,sbdd,,O=C1CC(c2ncnc3n[nH]cc3c2=O)CN1c1ccc(-c2cccc[nH+]2)[nH+]n1,,91.sdf,0,1.4592901468276978,2.629612684249878,15.70866870880127,19.37325096130371
limk2_arm1_A_activator_dfg,use,sbdd,,Cc1cc(-c2ccc3ncncc3c2)nn1-c1ccc(Oc2ccccc2)cc1,,92.sdf,0,1.7607094049453735,2.68778920173645,15.985739707946776,19.420743942260746
limk2_arm1_A_activator_dfg,use,sbdd,,c1ccc(-c2cncc(Oc3ccc(Nc4ncccn4)cc3)c2)nc1,,93.sdf,0,1.541561245918274,2.618746757507324,16.120891571044922,19.551074981689453
limk2_arm1_A_activator_dfg,use,sbdd,,O=C(O)c1cccc(NC(=O)c2ccc(Nc3cnc4ccccc4n3)cc2)c1,,94.sdf,0,1.419711709022522,2.511658191680908,16.44815444946289,19.21561813354492
limk2_arm1_A_activator_dfg,use,sbdd,,Nc1nnc(Nc2cnc(Oc3ccc(-c4ncccn4)cc3)cn2)nn1,,95.sdf,0,1.6799495220184326,2.6588470935821533,15.627376556396484,19.69687271118164
limk2_arm1_A_activator_dfg,use,sbdd,,c1cc(-c2ccc(-c3[nH+]c4ccc(-c5ccc(-c6nnn[nH]6)cc5)nc4o3)n[nH+]2)[nH+]cn1,,96.sdf,0,1.6732182502746582,2.617517232894897,15.151254653930664,19.301101684570312
limk2_arm1_A_activator_dfg,use,sbdd,,Oc1ccc(-c2ccc(C(O)C=Cc3ccc(-c4ccncc4)cc3)c(O)c2)cc1,,97.sdf,0,1.4375077486038208,2.5771610736846924,15.73318099975586,19.44599914550781
limk2_arm1_A_activator_dfg,use,sbdd,,c1ccc(-c2nc(-c3ccc4cc(Nc5cc[nH+]cn5)ccc4c3)n[nH]2)cc1,,98.sdf,0,1.7036083936691284,2.644784450531006,15.785260200500488,19.28993797302246
limk2_arm1_A_activator_dfg,use,sbdd,,O=C(NCc1ccc2[nH]c(Cc3ccc[nH+]c3)cc(=O)c2c1)c1ccccc1,,99.sdf,0,1.6969316005706787,2.550215244293213,15.390898704528809,19.325345993041992
limk2_arm1_A_activator_dfg,use,sbdd,,O=C1Nc2ccc(-c3ccc(F)cc3)cc2CCC1c1cnc(-c2ccncn2)nn1,,100.sdf,0,1.6801202297210693,2.680379629135132,9.852350234985352,18.578054428100586
limk2_arm1_A_activator_dfg,use,sbdd,,Cc1[nH+]c2cc(N3CCC(c4cnc5[nH]c(O)ccc4-5)OC3=O)ccc2nc1N,,101.sdf,0,1.4763340950012207,2.5385310649871826,15.583276748657227,18.992258071899414
limk2_arm1_A_activator_dfg,use,sbdd,,c1ccc(-c2cc(-c3ccc(NCc4cc[nH+]cc4)cc3)c3[nH]cnnc2-3)cc1,,102.sdf,0,1.498449683189392,2.622421979904175,14.375741958618164,19.456647872924805
limk2_arm1_A_activator_dfg,use,sbdd,,c1ccc(CCc2nc(-c3nc(-c4ccc[nH+]c4)n[nH]3)[nH+]c3ccccc23)cc1,,103.sdf,0,1.6833397150039673,2.6477363109588623,15.604865074157715,19.377342224121094
limk2_arm1_A_activator_dfg,use,sbdd,,O=c1[nH]c(-c2ccccc2)nnc1-c1ccc(-c2ccc[nH+]c2)cc1,,104.sdf,0,1.6905056238174438,2.697482109069824,16.204025268554688,19.4404354095459
limk2_arm1_A_activator_dfg,use,sbdd,,c1nc(-c2ccc(Nc3ccc(-c4cnn[nH]4)cc3)[nH+]n2)c2nc[nH]c2n1,,105.sdf,0,1.4352177381515503,2.5361506938934326,14.423619270324707,19.095829010009766
limk2_arm1_A_activator_dfg,use,sbdd,,O=C(C=CCc1cccc(N=c2nccc[nH]2)c1)Nc1ccc(C(=O)O)cc1,,106.sdf,0,1.6759570837020874,2.5252022743225098,10.362138748168945,18.346721649169922
limk2_arm1_A_activator_dfg,use,sbdd,,C(#Cc1cc(NCCc2ccccc2)nc[nH+]1)c1ccc(-c2ccc3[nH]cnc3n2)cc1,,107.sdf,0,1.4786360263824463,2.675154209136963,10.480354309082031,18.607681274414062
limk2_arm1_A_activator_dfg,use,sbdd,,c1ccc(-c2ncc3ccc(N4CCCC(c5ccncc5)CC4)nc3n2)cc1,,108.sdf,0,1.673399806022644,2.646550416946411,15.818912506103516,19.207656860351562
limk2_arm1_A_activator_dfg,use,sbdd,,O=C(NCCCc1ccc(O)c(OCCc2ccccc2)c1)c1ccccc1,,109.sdf,0,1.6677643060684204,2.539005756378174,16.978322982788086,19.47634506225586
limk2_arm1_A_activator_dfg,use,sbdd,,Fc1c(-c2ccc[nH+]c2)cc(-c2c[nH]cn2)[nH+]c1-c1cc(-c2cccc[nH+]2)c[nH+]n1,,110.sdf,0,1.7436004877090454,2.656010627746582,9.422282218933105,18.35960578918457
limk2_arm1_A_activator_dfg,use,sbdd,,O=C(O)c1cc2cc(NC3=CN=C4Nc5ccccc5N=C4C=C3)ccc2[nH]1,,111.sdf,0,1.7200567722320557,2.595698833465576,15.805925369262695,18.92330551147461
limk2_arm1_A_activator_dfg,use,sbdd,,c1cncc(-c2nccc(N3CCC(Oc4cnccn4)CC3)n2)c1,,112.sdf,0,1.420017123222351,2.5517642498016357,15.068567276000977,19.35930633544922
limk2_arm1_A_activator_dfg,use,sbdd,,Cc1[nH+]cccc1Oc1ccc(-c2n[nH]c(-c3cc[nH+]c4cccnc34)n2)c[nH+]1,,113.sdf,0,1.7521594762802124,2.6516480445861816,14.749475479125977,19.304052352905273
limk2_arm1_A_activator_dfg,use,sbdd,,COCCOc1ccc(N2CCN(C(=O)Nc3ccc4ccccc4n3)CC2)cc1,,114.sdf,0,1.6738293170928955,2.5413310527801514,16.274084091186523,19.31757164001465
limk2_arm1_A_activator_dfg,use,sbdd,,O=C(c1cccc(O)c1)c1ccc2ncc(-c3cccnc3)nc2c1,,115.sdf,0,1.6134757995605469,2.5980944633483887,15.644609451293945,19.300365447998047
limk2_arm1_A_activator_dfg,use,sbdd,,O=c1c2cnc(-c3ccc(O)cc3)cc2c2cc3ccccc3ccn1-2,,116.sdf,0,1.5625108480453491,2.5717413425445557,15.39687728881836,18.846710205078125
limk2_arm1_A_activator_dfg,use,sbdd,,Oc1ncc(-c2ccc(Cc3ccc4nc5ccccc5nc4n3)cc2)cn1,,117.sdf,0,1.7676054239273071,2.6555113792419434,15.381529808044434,19.294614791870117
limk2_arm1_A_activator_dfg,use,sbdd,,c1ccc(-c2nc(-c3cccc(-c4cc(-c5c[nH+]ccn5)cc[nH+]4)c3)n[nH]2)cc1,,118.sdf,0,1.6691796779632568,2.8690967559814453,10.458669662475586,18.77024269104004
limk2_arm1_A_activator_dfg,use,sbdd,,Nc1c(Cc2ccc(-c3cnc(=O)[nH]n3)cc2)n[nH]c1-c1ccc[nH+]c1,,119.sdf,0,1.5271481275558472,2.6180624961853027,15.666942596435547,19.276405334472656
limk2_arm1_A_activator_dfg,use,sbdd,,c1cc(N=c2[nH]cnc3cccnc23)cc(Oc2ccnc3[nH]ccc23)c1,,120.sdf,0,1.4422839879989624,2.5428426265716553,15.34335994720459,19.053674697875977
limk2_arm1_A_activator_dfg,use,sbdd,,COc1cccc(-c2cc3c(nn2)CC(Cc2nncn2CCCN2CCCC2)CC3)c1,,121.sdf,0,1.6523185968399048,2.6336731910705566,16.49795913696289,19.81437110900879
limk2_arm1_A_activator_dfg,use,sbdd,,O=C(C=Cc1cnc(-c2ccccc2)cn1)Nc1cccc(-c2ccnnc2)c1,,122.sdf,0,1.6828478574752808,2.584286689758301,16.00223731994629,19.516918182373047
limk2_arm1_A_activator_dfg,use,sbdd,,Nc1ccccc1-c1nnc(-c2cccc(Oc3ccc(O)cc3)c2)[nH]1,,123.sdf,0,1.6813454627990723,2.6172165870666504,16.065914154052734,19.413400650024414
limk2_arm1_A_activator_dfg,use,sbdd,,COc1ncc(-c2ccc3ccc(-c4ncc(-c5ccccc5)nn4)cc3n2)cn1,,124.sdf,0,1.7268116474151611,2.676999807357788,15.55807876586914,19.399364471435547
limk2_arm1_A_activator_dfg,use,sbdd,,Cc1cn(Cc2cccc(C3=CN=c4cnc5c(c4N3)C=CC=CC=5)c2)c[nH+]1,,125.sdf,0,1.6641905307769775,2.7016522884368896,10.478437423706055,18.087743759155273
limk2_arm1_A_activator_dfg,use,sbdd,,,bad,126-bad.sdf,0,1.4914124011993408,2.623943567276001,10.581582069396973,18.42379379272461
limk2_arm1_A_activator_dfg,use,sbdd,,Nc1cccc(-c2ccc(Oc3ccc(Cl)cc3)cc2C(=O)O)c1,,127.sdf,0,1.445698857307434,2.6250011920928955,16.485631942749023,19.451372146606445
limk2_arm1_A_activator_dfg,use,sbdd,,CCc1nc[nH+]c2cc(C3=CNC(c4ccc[nH+]c4)=NC=C3)ccc12,,128.sdf,0,1.5726373195648193,2.6113452911376953,14.70095443725586,18.61081886291504
limk2_arm1_A_activator_dfg,use,sbdd,,CC(=O)Nc1cccc(Oc2cccc(Nc3ncnc4cccnc34)c2)c1,,129.sdf,0,1.4814373254776,2.579540252685547,16.564998626708984,19.402175903320312
limk2_arm1_A_activator_dfg,use,sbdd,,,bad,130-bad.sdf,0,1.6959534883499146,2.586912155151367,16.160259246826172,19.375516891479492
limk2_arm1_A_activator_dfg,use,sbdd,,c1cnc(-c2ccc(-c3nc[nH]c4c(-c5ccc[nH+]c5)cnc3-4)cc2)[nH+]c1,,131.sdf,0,1.7830018997192383,2.6518442630767822,14.915629386901855,19.26080894470215
limk2_arm1_A_activator_dfg,use,sbdd,,c1ccc(-c2ncc(-c3ncc(-c4cc5cnccc5nn4)cn3)cn2)cc1,,132.sdf,0,1.5885117053985596,2.6507728099823,15.543511390686035,19.286487579345703
limk2_arm1_A_activator_dfg,use,sbdd,,,bad,133-bad.sdf,0,1.6644620895385742,2.5466058254241943,15.578156471252441,19.17645835876465
limk2_arm1_A_activator_dfg,use,sbdd,,Fc1ccc(-c2cn(C=Cc3cccc4cc(-c5cnn[nH]5)c[nH+]c34)[nH+]n2)cc1,,134.sdf,0,1.6182059049606323,2.547774314880371,9.714585304260254,17.876184463500977
limk2_arm1_A_activator_dfg,use,sbdd,,O=C(COc1cccc(-c2ccccc2)c1)Nc1cccc(-c2nn[nH]n2)c1,,135.sdf,0,1.5604914426803589,2.6160829067230225,10.394464492797852,18.487651824951172
limk2_arm1_A_activator_dfg,use,sbdd,,O=C1C(=O)N(c2cccc(O)c2)CCC1NCc1cccc(-c2ncccn2)c1,,136.sdf,0,1.4626035690307617,2.5284483432769775,16.348655700683594,19.488264083862305
limk2_arm1_A_activator_dfg,use,sbdd,,O=C(c1ccc(-c2ccc(=O)[nH]c2)cc1)c1ccc(-c2cncc[nH+]2)cc1,,137.sdf,0,1.5814625024795532,2.6179325580596924,15.725261688232422,19.405208587646484
limk2_arm1_A_activator_dfg,use,sbdd,,O=C(Nc1cc(-c2ccc[nH+]c2)cc[nH+]1)Nc1cnc(N2CCCC2)[nH]c1=O,,138.sdf,0,1.6766018867492676,2.619774580001831,16.25278091430664,19.58386993408203
limk2_arm1_A_activator_dfg,use,sbdd,,O=C(O)c1ccc(-c2cnc(Cc3ccc(Nc4ncccn4)cn3)cn2)cc1,,139.sdf,0,1.7484338283538818,2.600231409072876,15.791667938232422,19.65315818786621
limk2_arm1_A_activator_dfg,use,sbdd,,O=C1OC(c2ccc(O)cc2)=NC1=Cc1ccc(-c2cccnc2)cc1,,140.sdf,0,1.4587488174438477,2.4573464393615723,15.93014907836914,19.180179595947266
limk2_arm1_A_activator_dfg,use,sbdd,,Nc1cc(-c2cccc(-c3cnc(-c4ncccn4)cn3)c2)ccn1,,141.sdf,0,1.705310344696045,2.6974072456359863,15.225000381469727,19.409107208251953
limk2_arm1_A_activator_dfg,use,sbdd,,c1ccc(-c2cnc(N3CCN(Cc4cccc5ncccc45)CC3)nn2)cc1,,142.sdf,0,1.6955981254577637,2.662897825241089,15.90048599243164,19.1656551361084
limk2_arm1_A_activator_dfg,use,sbdd,,NC(=O)c1cnc(Oc2ccccc2)cc1C#Cc1ccccc1O,,143.sdf,0,1.4574828147888184,2.507814884185791,9.871404647827148,18.113109588623047
limk2_arm1_A_activator_dfg,use,sbdd,,c1cnc(-c2ccc(-c3cccc(-c4cccnc4)c3)cc2)nc1,,144.sdf,0,1.7744615077972412,2.6477415561676025,14.571708679199219,19.447494506835938
limk2_arm1_A_activator_dfg,use,sbdd,,O=C(c1ccc(-c2nccnn2)cc1)c1ccc(-n2cnnc2)cc1,,145.sdf,0,1.7046107053756714,2.562687397003174,15.623605728149414,19.33762550354004
limk2_arm1_A_activator_dfg,use,sbdd,,c1cnc(-c2cnc(Nc3cncc(-c4ccncc4)c3)nc2)nc1,,146.sdf,0,1.7295414209365845,2.6119022369384766,15.286210060119629,19.223304748535156
limk2_arm1_A_activator_dfg,use,sbdd,,Fc1ccc(-c2ccc(-c3ncc(-c4nn[nH]n4)c[nH+]3)cc2)cc1F,,147.sdf,0,1.5026544332504272,2.5263423919677734,14.32543659210205,19.175426483154297
limk2_arm1_A_activator_dfg,use,sbdd,,O=C(c1ccc(-c2ccc(F)cc2)cc1)c1ccc(Nc2ncccn2)nc1,,148.sdf,0,1.6323717832565308,2.6193103790283203,15.354997634887695,19.624826431274414
limk2_arm1_A_activator_dfg,use,sbdd,,N#Cc1cc(Nc2ccnc3ccccc23)cc(-c2ccc(C(=O)O)cc2)c1,,149.sdf,0,1.813450574874878,2.604224920272827,16.0064754486084,19.21399688720703
